county_fips,year,unemployment_rate,median_income,gini_index,poverty_rate,pop_density,urban_rural,percent_white,percent_black,percent_hispanic,wage_change
1,2018,7.365339136915281,66804.75138870935,0.49836569787003104,15.582416588440537,78.30621451280373,Suburban,59.049939550459385,16.09520342806354,27.15075016953051,FALSE
1,2019,11.196894319960847,59666.67684932088,0.401199940033257,13.355891830287874,2323.1921274905767,Urban,82.20877155661583,37.40529970359057,38.60232159495354,FALSE
1,2020,3.519065013388172,68788.24182476358,0.35409296830184755,8.27807656954974,217.33143823149913,Suburban,75.2955731889233,38.09907817048952,5.916967624798417,FALSE
1,2021,9.348585701314732,33449.04019299877,0.38952606813982127,12.625749832950532,33.25231191936037,Urban,69.5530897937715,34.7320501813665,40.62217311933637,FALSE
1,2022,5.821455891709775,49137.51580274018,0.44738087155856193,10.510355890728533,10,Rural,38.291921080090106,37.147947933059186,19.63298604823649,FALSE
2,2018,7.887293715029955,70771.88885622004,0.372808794490993,23.709434373304248,357.68662330371205,Urban,53.10278934426606,35.440798559226096,12.611451400443912,TRUE
2,2019,9.111908522900194,72614.12515711087,0.5066562175750733,13.29744569491595,14.806930794874958,Urban,85.20980543922633,32.66165540460497,40.27066083624959,FALSE
2,2020,7.5603323711548,30000,0.3618649987038225,8.157084654085338,206.7194367802,Urban,37.07926094066352,7.738820463884622,15.16767461784184,FALSE
2,2021,4.646745271515101,38793.22026175613,0.35983208236284553,6.707605295814574,203.23158293430808,Suburban,35.660968171432614,37.72006265632808,9.092185068875551,FALSE
2,2022,10.850326596060768,32486.60610420162,0.5426126223988832,14.684909684583545,794.47316115423,Suburban,44.36622266191989,11.390229479875416,5.762848304584622,FALSE
3,2018,6.516515120398253,78114.75101517828,0.5350236630998553,22.79749750159681,1942.177787295826,Suburban,74.61755172349513,10.216071677859873,24.226663503795862,FALSE
3,2019,4.429159457562491,61790.0649017754,0.5326355257537216,6.5655857138335705,44.20255073027813,Suburban,77.14455659966916,2.4760855147615075,8.280156245455146,FALSE
3,2020,8.853712643729523,55226.71470288299,0.4390959309414029,23.782968875020742,324.41403540164805,Urban,47.35546651761979,23.27470319531858,38.74341535381973,FALSE
3,2021,5.368398963008076,45706.11521087246,0.48317437767982485,15.012383884750307,171.42356950844237,Urban,58.30263781361282,33.48966901330277,24.342279732227325,FALSE
3,2022,7.283251984510571,33597.723723396746,0.47012380920350555,15.941003137268126,49.623518386124,Urban,57.35777259338647,3.782354291062802,33.731292774900794,FALSE
4,2018,9.021344653330743,63035.00497739443,0.5207473316695541,9.583519734442234,52.989493191243724,Urban,77.37354262266308,16.78682024916634,40.870172902941704,FALSE
4,2019,5.2166989396791905,85900.61250839254,0.45609280904754995,17.95980166643858,30.627133878908992,Rural,82.2481176070869,8.773795866873115,32.654954735189676,FALSE
4,2020,4.895163798937574,79765.37197698574,0.5240037505049259,11.868180176243186,260.99455292594246,Rural,45.820726859383285,18.42586092138663,32.33343865722418,TRUE
4,2021,3.2548460892867297,85850.30886749785,0.4803896895609796,7.685594032518566,1047.0718184508532,Urban,78.02492707036436,32.1607510028407,28.791409973055124,FALSE
4,2022,4.027033168589696,54713.51122539995,0.5074075255542994,24.963913946412504,21.64343800491944,Suburban,47.90813381318003,11.59249802166596,44.142348896712065,FALSE
5,2018,11.679289571475238,60121.591213070584,0.3756648754701018,16.150702368468046,742.801587297991,Suburban,35.74788352008909,17.01300145732239,29.398764595389366,FALSE
5,2019,10.870106018381193,88878.25105511444,0.4575357236433774,18.431201889179647,440.38310068940314,Suburban,57.76069906074554,18.60084813972935,31.867413530126214,FALSE
5,2020,4.501234152121469,55868.28160490966,0.37215961404144765,15.077762249857187,984.9602805492121,Suburban,37.93997044209391,14.617948797531426,34.601981807500124,TRUE
5,2021,3.0904214484617114,43694.94578301858,0.37743112919852134,18.8607861334458,466.63695686566683,Suburban,75.8400818053633,8.615596052724868,33.24542099609971,FALSE
5,2022,6.257999048335478,59885.31805734936,0.5497570352628828,20.191310294903815,546.8861871432225,Rural,74.27375866100192,11.571639808826149,23.13121381215751,FALSE
6,2018,4.409266372444108,55591.333268809765,0.4183453139849007,21.042461986653507,108.60674404008255,Rural,34.36632695607841,15.192347457632422,10.786798456683755,FALSE
6,2019,10.792555667459965,63360.4386814732,0.5488389153033495,15.785166625864804,368.42563771795994,Suburban,54.04312816914171,6.095419933088124,12.213157350197434,FALSE
6,2020,8.143511054338887,59800.329173254344,0.3898035878315568,20.173456594347954,17.020333586977276,Urban,80.89414831716567,25.37005407596007,18.29692702740431,FALSE
6,2021,9.429720191750675,53518.6705513992,0.5153691508807242,18.137479717843235,39.49676395841066,Urban,62.698635882698,18.898127721156925,17.40987040102482,FALSE
6,2022,6.7035442620981485,58903.06380953117,0.459962843824178,10.975370011292398,4305.346517303515,Suburban,34.121368853375316,34.920920697040856,32.4157605599612,FALSE
7,2018,11.824551976751536,67002.26174846424,0.3957524938043207,23.263257606886327,463.3908928626465,Rural,68.84159570094198,29.40388841321692,39.588558841496706,FALSE
7,2019,4.421348829288036,63034.07048215325,0.5490779957268388,5.3826701594516635,524.1745537073559,Rural,84.33912460226566,9.744004974607378,18.03689277730882,FALSE
7,2020,11.362091470509768,51274.42229182495,0.49342350657098,7.217697035521269,187.79489942614705,Rural,77.2733757365495,19.101089761592448,20.259800357744098,FALSE
7,2021,3.3247606521472335,30000,0.527870290586725,7.225045105442405,627.8887102705922,Rural,66.3367037801072,8.0883655725047,40.59940439648926,FALSE
7,2022,3.443864200031385,61428.70978284107,0.40468885716982184,16.641831547021866,1225.3648298230482,Rural,83.65432462189347,15.73182315286249,20.300681050866842,TRUE
8,2018,9.032688012812287,73332.84774672828,0.38756821514107287,14.800584726035595,30.24864086198656,Suburban,52.929488704539835,35.214524248149246,7.651911890134215,FALSE
8,2019,8.222613719059154,37336.18879757143,0.5364767071325333,11.250722799450159,10,Rural,48.67958428803831,7.168686506804079,17.463751258328557,TRUE
8,2020,6.615538499085233,53791.312861353406,0.40270495219156144,13.970191553235054,34.829337803414305,Suburban,82.65533129218966,19.077302049379796,35.91100805439055,FALSE
8,2021,5.119148674188182,44374.04698418823,0.5325721002183855,20.11395299807191,135.6748407936024,Rural,55.053937998600304,6.389285549055785,12.644255915656686,FALSE
8,2022,4.890993592562154,35625.129129573135,0.5233284123707563,23.982199211604893,51.92890677601993,Urban,89.40582795068622,33.397994089405984,17.48831189237535,FALSE
9,2018,6.93136017001234,61359.85635558401,0.39865643684752283,17.15681980829686,275.7555774954492,Urban,44.07095414120704,30.585531989112496,8.138637589290738,FALSE
9,2019,11.484059925656766,49587.3745580043,0.35303251747973263,9.635699382051826,197.1876869496435,Rural,82.60429329704493,17.954177733510733,26.72427079640329,FALSE
9,2020,9.91741191339679,43896.0611121941,0.46921223755925895,11.537431231699884,442.0800270334924,Rural,74.23633554484695,18.585485485382378,29.72425085492432,FALSE
9,2021,3.9192887297831476,69025.96731360002,0.5009807833936065,20.356698110699654,19.658583002061228,Urban,35.90574817266315,7.59196472261101,34.41319474950433,FALSE
9,2022,6.223702737595886,76143.07906970191,0.37887850841507315,5.262976321391761,273.47159573446686,Urban,48.1487374054268,32.74524995405227,23.579543828964233,FALSE
10,2018,3.9586418091785163,47324.43993242354,0.46452269647270444,21.04122947435826,21.958369647690763,Suburban,38.8992958702147,16.284708676859736,10.997167201712728,FALSE
10,2019,7.463758241152391,30000,0.3673736337572336,24.045862210914493,48.0421205007708,Rural,76.97674201335758,15.339245729148388,21.00628945045173,TRUE
10,2020,3.389125590445474,69037.29816668337,0.5081459568813443,14.637708636000752,39.180702413678794,Rural,79.54482851084322,11.385544694494456,27.680761627852917,FALSE
10,2021,9.479861826170236,63003.93641669936,0.5150554584804923,17.2492110542953,2301.7996246873654,Suburban,54.272655551321805,10.92853660788387,40.94838903285563,TRUE
10,2022,4.1751531700138,71042.72322296051,0.44933307692408564,11.903029172681272,13.212984141931585,Urban,44.7712355107069,19.56893823808059,42.85517944954336,FALSE
11,2018,6.461857953574508,33856.94443625975,0.5014622265007347,10.415364038199186,19.87877655386681,Suburban,73.47386584617198,15.55982736684382,19.021079372614622,FALSE
11,2019,9.39488655491732,58867.490064434576,0.5470770539250225,8.134702150709927,585.5808042711348,Urban,86.13268252462149,22.680683618877083,19.03836727142334,FALSE
11,2020,3.7344097348395735,66250.8962546459,0.37439680588431656,9.213146921247244,10,Rural,66.78567728027701,32.5922043947503,30.333626875653863,FALSE
11,2021,10.607115929480642,53796.49636156092,0.3751250457949936,20.83112007007003,33.94129351510677,Urban,50.641026478260756,31.211129089351743,43.35148610174656,FALSE
11,2022,7.194883913733065,59594.18521439212,0.5468996973242611,6.1422807071357965,109.9789584866516,Suburban,85.89879176113755,38.919516945723444,16.4303832128644,FALSE
12,2018,6.382464277558029,59079.65171087003,0.4751311712432653,22.350578838959336,636.4595529434861,Urban,68.03858224768192,13.73103709379211,23.620312958955765,FALSE
12,2019,5.211267317645252,30000,0.42398028508760033,19.461923404596746,131.70147145308354,Rural,56.84172211680561,18.131103347055614,28.043750040233135,FALSE
12,2020,8.168892934452742,53585.92637445104,0.4976693162694574,22.902229209430516,1493.7496999126786,Suburban,49.88710961770266,38.82669136952609,19.901576600968838,FALSE
12,2021,4.968483864096925,63220.67159936983,0.4385817761067301,9.273471259512007,100.09207940555261,Suburban,80.3772738436237,19.01430125022307,34.73187731578946,FALSE
12,2022,8.832873675506562,38149.09435595887,0.5096720368135721,6.139786164276302,44.31569093556018,Rural,44.828445464372635,21.121052934322506,9.444552352651954,FALSE
13,2018,11.634966421639547,71869.87762885625,0.3785389154218137,8.137884913012385,59.58493420926321,Urban,47.542804135009646,15.797688572201878,7.256148103624582,FALSE
13,2019,8.00860809464939,54311.75814753002,0.42616689610295,21.1261554248631,30.289570245346386,Rural,30.20991759840399,26.086520502809435,20.185099868103862,FALSE
13,2020,9.084042464615777,39891.518235618256,0.5316706552170217,13.423922397196293,1098.7164275169362,Suburban,71.05976994149387,15.54296018416062,42.25757537409663,FALSE
13,2021,7.865475225029513,55406.068607135356,0.5459630689118058,20.52040687762201,120.8885274634866,Suburban,32.21274649724364,32.162496167235076,8.161827679723501,FALSE
13,2022,7.076675951248035,50257.81448344197,0.49665954601950946,16.899132719263434,20.276356291107742,Suburban,59.52507389243692,2.656486354302615,19.841536013409495,FALSE
14,2018,6.540249784709886,72010.76076617079,0.3646494092419743,12.77770976535976,105.80677887795403,Urban,44.835161534138024,7.170222780201584,25.260133305564523,FALSE
14,2019,11.577659481670707,53361.85180608663,0.35626406813971695,11.557048643007874,199.98670168957523,Suburban,66.70615615323186,12.439230360556394,36.85229794122279,FALSE
14,2020,8.983223912771791,56724.493156368524,0.39845339101739224,5.172390560619533,387.20411692564755,Suburban,65.59233086183667,29.41723081469536,40.94457844272256,FALSE
14,2021,4.109122787369415,30000,0.3767856916878372,21.068583107553422,537.4771350860785,Suburban,79.4791167229414,33.479801448527724,39.59862174466252,FALSE
14,2022,8.447633629431948,30000,0.42848841203376653,6.249595074914396,10,Rural,39.28025296423584,31.78639678377658,20.483088046312332,TRUE
15,2018,7.354233050253242,58912.92843335292,0.423218589508906,8.834319156594574,121.83625863176188,Suburban,70.67777935881168,15.94336664956063,36.84996049851179,FALSE
15,2019,8.361295479582623,54953.08041862878,0.4904966911301017,22.357897898182273,61.89924882775003,Suburban,44.51136019080877,38.66379333054647,6.459319833666086,FALSE
15,2020,10.757128164405003,61945.78890584602,0.37591157699935135,12.271175314672291,85.14298072487227,Suburban,31.25687009654939,23.15656834701076,28.95315387286246,FALSE
15,2021,11.161629046546295,44944.63177615728,0.4223768995143473,16.46745994221419,102.24815216164193,Suburban,51.27198228612542,9.936163661070168,6.220956761389971,FALSE
15,2022,11.412750247400254,75104.32072333808,0.3900438353419304,13.867584033869207,180.18165462090656,Suburban,49.435357809998095,13.36807042453438,31.131223049014807,TRUE
16,2018,3.5387894650921226,58927.259152606086,0.4420810714829713,20.36616325378418,113.27879415297564,Suburban,84.70304155256599,25.700833668466657,44.16169576346874,FALSE
16,2019,10.308960554888472,53094.89018598906,0.426658856542781,17.83658219035715,155.95065894469573,Rural,32.64374059159309,4.2153915031813085,25.139145497232676,FALSE
16,2020,3.762403581524268,74232.70562450947,0.4283719358034432,23.962834356352687,339.80845795819903,Suburban,77.16901985462755,12.390392202883959,13.798542395234108,FALSE
16,2021,8.611099663423374,68865.67542663531,0.3582133419346064,14.775285762734711,21.96207740342511,Rural,86.04713095352054,31.475937074050307,6.355308406054974,FALSE
16,2022,5.974195250077173,79705.79290334349,0.46541066681966187,18.942491821944714,409.4138027976442,Rural,52.384107378311455,34.77742129703984,7.285360936075449,TRUE
17,2018,11.730958218919113,42489.20023523957,0.3756893068552017,9.674600535072386,1405.2076682789786,Rural,84.09952491056174,25.370556387584656,38.4732604585588,FALSE
17,2019,11.266238479642197,56999.95718222559,0.38826982136815785,17.759849815629423,2588.5028091524796,Urban,59.732037163339555,34.86686578532681,14.373618979007006,TRUE
17,2020,6.053350272355601,58661.20650201196,0.37070522755384444,11.89992105588317,52.06728549607222,Suburban,51.27473927568644,18.781283060088754,22.594950068742037,FALSE
17,2021,9.315837829839438,68021.46258976174,0.42535042599774897,15.018267016857862,647.989980104507,Suburban,31.49642170406878,30.363355330191553,6.981632113456726,FALSE
17,2022,4.6230776163283736,42502.09764330459,0.4845103259198368,12.24416168872267,222.39146679307854,Urban,37.40591739770025,36.03458996582776,9.777854792773724,TRUE
18,2018,4.393700166139752,77631.70566389382,0.36838658289052545,16.62917363923043,304.6450916661496,Urban,80.4209532123059,10.010726307053119,43.977145636454225,FALSE
18,2019,9.374896941706538,40677.11839776882,0.42237382717430594,11.610257495194674,50.63743987187113,Suburban,46.29923001397401,28.376621963921934,9.32150548323989,FALSE
18,2020,5.169796319911256,71974.16570054572,0.4040965575259179,19.04118119738996,226.84196281320277,Suburban,65.8355614123866,29.280164930038154,14.18978987261653,FALSE
18,2021,4.884906897554174,56756.97475578959,0.4280546437948942,11.88660426530987,314.8746155943479,Suburban,31.44580223131925,21.15359241841361,17.484886907041073,FALSE
18,2022,5.009917275281623,90855.66989810852,0.4574832156766206,20.10382399894297,102.25898299713576,Urban,69.7446215339005,7.825978953856975,11.153264809399843,FALSE
19,2018,9.313553836662322,72740.8750865464,0.5225039466284216,11.500231944955885,407.68907092923735,Suburban,89.4096535909921,35.439290969632566,40.25106469169259,FALSE
19,2019,8.648084325017408,59056.884194795566,0.421629842184484,20.24752637837082,536.4372575941011,Rural,77.21740038134158,7.011987018398941,34.443472968414426,FALSE
19,2020,8.85925871017389,46219.743873827705,0.3544410214293748,5.975403035990894,10,Suburban,55.02014206722379,12.664712558034807,32.23333961330354,FALSE
19,2021,6.419243211625144,38521.52871996933,0.42944166525267063,18.09381167870015,539.4615495983176,Urban,33.26440688688308,15.679137269034982,18.12596102245152,FALSE
19,2022,6.6346284344326705,44424.576002736845,0.454216300835833,15.325614991597831,202.7237066567672,Urban,79.58658141084015,9.54540540277958,13.585390131920576,FALSE
20,2018,3.2472801182884723,59651.570466701676,0.37119964640587566,19.61626303847879,675.7652080172097,Rural,35.10226382408291,27.25773109262809,9.183053290471435,FALSE
20,2019,5.780214817961678,69480.00513997972,0.4334757615346462,8.620223114266992,182.9614330589169,Suburban,73.17209394648671,23.0531244459562,18.3636290486902,FALSE
20,2020,3.836649012984708,52304.458129759725,0.5491010827478022,11.597562967799604,55.62015280030321,Urban,63.14557498320937,36.29386608162895,18.2504032086581,FALSE
20,2021,7.622273380402476,59274.10830246512,0.4018505377694964,5.484371953643858,50.14314636758655,Suburban,47.55983701441437,30.422614742070436,32.766281086951494,FALSE
20,2022,4.399741374654695,60551.888297318605,0.4314734018407762,8.642473090440035,181.0154206963725,Rural,33.01354661118239,26.303916512988508,6.3903565891087055,FALSE
21,2018,8.539870945969597,71867.85545343236,0.3719201971776783,17.04009654931724,1017.5955491434959,Suburban,74.71852587070316,33.64567671949044,31.35603530332446,FALSE
21,2019,8.516501917038113,47825.11425971353,0.3736280851066112,12.530404981225729,224.43932213521578,Urban,83.72961196582764,26.08822704758495,36.835492672398686,FALSE
21,2020,8.900675650918856,61601.69950438651,0.45582678117789327,15.574187212623656,15.326521916426755,Urban,66.28485788125545,30.80791721167043,7.840204844251275,FALSE
21,2021,7.817041814094409,44510.048214966664,0.43902577040717006,14.983428143896163,1301.191088381757,Urban,54.01283675339073,17.42864935658872,15.0423673260957,FALSE
21,2022,6.8765656154137105,47687.888746465134,0.4610787588171661,24.457210013642907,13.673249267070673,Urban,71.13186290021986,5.513506956864148,20.86826441809535,FALSE
22,2018,4.317230271873996,54902.93655910338,0.4256781357806176,9.93396658450365,204.4096638685175,Urban,51.85559150297195,12.309026151429862,43.07768143713474,FALSE
22,2019,8.35386106884107,37449.740071651235,0.4762790503911674,7.133892583660781,38.25495050976446,Urban,68.12905051745474,30.86196780577302,36.29826580174267,FALSE
22,2020,11.06346777593717,37577.87030457875,0.4846273698844016,10.140730319544673,20.50456360120647,Suburban,72.90092170704156,30.490250771399587,15.998861324042082,FALSE
22,2021,3.9656385839916766,38363.50858071485,0.5002594264224172,17.034157984890044,151.79617762641743,Rural,30.25499597657472,19.014731206465513,5.976895419880748,TRUE
22,2022,7.2931788065470755,32593.366294105585,0.5042474719695748,19.63194178417325,311.37357100916535,Urban,73.59781004022807,16.86748782079667,25.22741603665054,FALSE
23,2018,3.165852104080841,31172.05428300268,0.35001195026561616,10.35455519799143,63.856342013276894,Rural,57.5356256403029,10.356350626330823,30.43845308944583,FALSE
23,2019,7.386265576584265,65866.85560599266,0.35824445569887753,7.8352278005331755,406.88303639413573,Suburban,88.3945559989661,38.661337273195386,33.64536755718291,TRUE
23,2020,5.748278088402003,53020.068289997296,0.49420956228859725,5.440280707553029,96.51241100864179,Suburban,52.829783842898905,15.108175303786993,8.682014532387257,FALSE
23,2021,6.574845704482868,45236.245680088956,0.3805620986968279,22.21938813570887,209.01044393519703,Rural,51.189592774026096,38.45479841902852,18.250813586637378,FALSE
23,2022,7.54742829920724,32498.56207225115,0.4577733803074807,23.91235144343227,5713.431843787748,Rural,79.18961939401925,13.19790588086471,42.32636018656194,FALSE
24,2018,11.946104232687503,42939.909921609666,0.45974917015992106,24.48287608101964,142.00437482034857,Urban,83.4688924625516,34.54068841272965,23.127797888591886,FALSE
24,2019,4.415667288238183,94019.30922607867,0.436404559481889,13.464182773604989,29.594580982023135,Urban,68.38540932163596,21.90447242045775,16.792452791705728,FALSE
24,2020,8.287451023701578,47151.0149861163,0.5108994081616401,9.090378559194505,3096.1781425864233,Rural,60.25291645433754,32.08721570065245,7.70396682433784,FALSE
24,2021,10.6691501182504,53722.93671653609,0.4072991482447833,22.335796989500523,58.75275597952967,Suburban,61.50927431881428,17.152881442569196,42.1401412691921,FALSE
24,2022,6.436338243540376,50645.970503996235,0.5449062233790756,8.261914467439055,1759.7375474288783,Urban,37.95096375513822,7.692931933794171,25.24371065199375,TRUE
25,2018,7.037975943647325,57098.50907300731,0.46799608422443273,15.436371332034469,45.08669190026774,Urban,32.976283924654126,27.338717742823064,28.799669183790684,FALSE
25,2019,3.911517638945952,48390.344498881626,0.41344494726508857,10.978919118642807,13.56770009817004,Rural,86.26584270503372,22.828368810471147,21.872478695586324,FALSE
25,2020,7.596864986233413,54759.59412443814,0.5059790309052915,6.2372530391439795,274.87786253781405,Suburban,53.3403846854344,16.223070703446865,21.29332907497883,TRUE
25,2021,4.17237599613145,74935.67649606067,0.35131179112941024,18.48082567565143,13.166457296182092,Rural,55.43165260925889,8.38623215444386,40.65610321238637,FALSE
25,2022,7.283615761203691,58576.10202705804,0.39829056775197386,18.702052659355104,20.032817676903026,Suburban,44.80918228626251,7.303233994171023,7.737043611705303,FALSE
26,2018,11.764871432678774,50246.27311619907,0.5187765234615654,6.466805660165846,17.169866989870368,Urban,42.61848013848066,31.468567539472133,11.893293904140592,FALSE
26,2019,9.362648942274973,63614.59567783847,0.4794660127721727,6.537945605814457,10,Urban,76.26489357557148,39.220313522499055,13.839464485645294,FALSE
26,2020,6.074250788893551,37408.91623744362,0.4223525288980454,14.265132499858737,21.161396114583624,Rural,31.011049230583012,21.467576298862696,10.75019191019237,FALSE
26,2021,10.04322233540006,36875.282226899784,0.39271079800091685,9.337817328050733,2094.0320370610657,Urban,85.57323229964823,24.812993572093546,44.918114403262734,TRUE
26,2022,3.466071891132742,63569.47500084317,0.4841636368073523,22.98689323477447,39.771801740169394,Urban,52.71292681340128,37.38745391834527,21.625296752899885,FALSE
27,2018,4.0369096111971885,36190.17626877031,0.455817124247551,24.89135740790516,243.55090931542122,Suburban,33.44392775092274,29.915302173234522,34.30554826743901,FALSE
27,2019,4.980985156260431,49666.25160450105,0.4688671191222966,9.727001064457,353.0338242126789,Suburban,83.58011190779507,23.19783205166459,7.046406241133809,FALSE
27,2020,3.8706051588524133,65628.89364480099,0.4385152616538108,19.019114300608635,158.8546284143245,Suburban,80.44905808288604,30.00054485583678,31.69111743569374,FALSE
27,2021,5.621344541665167,49817.85822176861,0.4289075520820916,12.267117900773883,142.09061329807918,Rural,40.873361765407026,30.324061173014343,23.56936859898269,TRUE
27,2022,8.177125034155324,53058.241622470836,0.5477684877347202,19.629828799515963,1548.7771229982282,Urban,52.1685216575861,13.366996737197042,33.018832029774785,TRUE
28,2018,6.134294889634475,40769.30299334976,0.4453969810623676,15.876255040057003,10,Rural,45.36593342665583,3.055789298377931,43.532127244398,FALSE
28,2019,4.333603709936142,56089.161926916466,0.3832072415854782,13.242494664154947,52.123869169215766,Suburban,35.29141365084797,22.30649193841964,7.299385163933039,FALSE
28,2020,9.166569352615625,81761.30505752527,0.41099300724454224,17.392108598724008,151.07292003121484,Urban,67.56445439066738,37.514174540527165,40.708709163591266,FALSE
28,2021,9.528402232099324,52219.625632728064,0.4253808062989265,20.506397648714483,112.71963969786641,Urban,84.94201138615608,12.009554143529385,40.73436254635453,FALSE
28,2022,3.5433325215708464,60601.45743716368,0.4002265835180879,9.726883773691952,919.3918883140864,Urban,67.19152471516281,11.426465281751007,16.924837986007333,FALSE
29,2018,10.404673827812076,50381.558360329494,0.3573487871792167,20.230360603891313,48.457099057092975,Rural,33.54749507736415,21.991552060935646,29.178834529593587,TRUE
29,2019,5.5044491433072835,52957.009874927746,0.39906425941735507,18.58536532148719,173.07902782725552,Urban,56.07332737650722,19.73031348735094,14.543213127180934,FALSE
29,2020,9.527760335477069,65725.65568871082,0.4998786303214729,23.017827193252742,67.38432327481335,Suburban,79.88264285959303,32.240252412389964,20.034324396401644,FALSE
29,2021,10.111151061952114,46682.07673706902,0.3760702985338867,19.501118720509112,305.42705066325124,Suburban,47.7361578354612,20.1408283659257,23.528551198542118,FALSE
29,2022,8.442236511502415,37704.806044180164,0.4550485632847995,21.36346391402185,691.1418262977161,Suburban,59.949088068678975,27.02821535244584,29.321414921432734,FALSE
30,2018,10.092966864584014,53731.08103844621,0.5330489658284933,9.570912150666118,10,Suburban,38.23144591413438,39.81868605641648,39.96419901959598,FALSE
30,2019,6.505406320095062,65781.33272904347,0.3610281671397388,11.752270651049912,217.61527994619158,Suburban,32.55650835111737,14.166299893055111,16.142404535785317,FALSE
30,2020,10.929291961016133,73782.16064216764,0.42639452274888756,13.069670768454671,85.3032289646051,Urban,31.708126924932003,10.587123499251902,33.754765102639794,FALSE
30,2021,8.190614517079666,32263.051013799955,0.4378981272224337,9.59603174123913,65.49256438309827,Urban,60.54110324475914,26.601865333039314,5.573506914079189,FALSE
30,2022,11.852913242066279,35430.75201518963,0.5203064025845379,13.498213817365468,74.41245494252182,Suburban,62.734944401308894,39.55850262288004,18.990863002836704,FALSE
31,2018,11.598157853353769,69887.49009165926,0.42384895076975226,5.711279748938978,363.40166931681006,Suburban,88.13861364964396,26.516539102885872,30.5211428925395,FALSE
31,2019,11.964465430704877,52866.522874268594,0.3971901198849082,23.808342162519693,856.8336728239049,Urban,79.18462267611176,3.2069257302209735,38.18462923169136,TRUE
31,2020,7.978603953262791,37871.11145774652,0.39880995051935314,21.258046375587583,10,Urban,55.98428453318775,30.637841320596635,36.59671292640269,FALSE
31,2021,10.999079020461068,76073.21305455669,0.5270941769704223,12.344164531677961,63.60431052502365,Urban,86.61911462433636,20.39985219342634,6.589865870773792,FALSE
31,2022,3.9342393230181187,44496.325520231934,0.42290677488781514,9.199850768782198,1197.573874760451,Urban,38.488124907016754,16.120502224657685,14.878012286499143,FALSE
32,2018,11.709743316052482,64726.22292814223,0.3865344438701868,5.655644065700471,10,Urban,59.34877676423639,27.792782191652805,38.69254398159683,TRUE
32,2019,8.030604058876634,45955.63867662856,0.5344913303852081,11.219783071428537,374.8382086719961,Urban,37.67146264202893,6.660237459465861,14.097669832408428,FALSE
32,2020,6.7788087129592896,82304.7659513925,0.45298929368145763,13.45215744804591,172.37506916836782,Rural,78.40648460201919,21.704321552067995,34.54060539603233,FALSE
32,2021,9.945308997295797,40555.36709511223,0.36126489797607064,8.953110901638865,10,Rural,85.02662857063115,21.75131261255592,14.611207712441683,FALSE
32,2022,5.40286158118397,43420.32755971593,0.5308806822169573,11.02905638050288,114.83316674570393,Suburban,63.29324897378683,30.48853190196678,21.529940869659185,FALSE
33,2018,7.213478059507906,32211.17781774514,0.43718852512538436,23.73781042173505,160.05717330186422,Urban,73.79653346724808,8.775265199597925,7.795840697363019,FALSE
33,2019,10.02921754354611,42315.59707350368,0.4560623275581747,12.844153745099902,54.65921618377683,Suburban,81.10462827142328,13.408229891210794,17.669936697930098,FALSE
33,2020,5.28235802706331,64437.6286393004,0.35631582443602383,24.168755281716585,67.92900173825852,Rural,38.565214248374104,39.86965392017737,24.88789393566549,FALSE
33,2021,3.0445990255102515,47530.74375705391,0.37411225684918464,24.944490953348577,245.31914859863932,Urban,40.20809610374272,10.986870714928955,26.521211313083768,FALSE
33,2022,4.1868557401467115,45985.474109210445,0.5454603399615735,10.673138578422368,1108.8503681591717,Urban,58.43768825288862,4.453583430498838,32.921676682308316,FALSE
34,2018,11.574322329601273,71158.11921125949,0.4911379171535373,24.232609788887203,93.70405452799804,Suburban,68.69885669555515,15.958685720805079,17.38092476502061,FALSE
34,2019,3.2082375213503838,43534.084530364045,0.42895998461171986,21.327376370318234,44.12587235184808,Urban,41.729436088353395,25.825792846735567,17.850054688751698,FALSE
34,2020,10.411367500433698,62410.96913550432,0.39855004884302614,7.112172762863338,136.6431130053276,Urban,44.81407763902098,33.23032511631027,24.293503295630217,FALSE
34,2021,10.012635253602639,56529.348000714075,0.37843371215276417,9.93445876520127,73.67969072349922,Suburban,68.4473520051688,6.269807551987469,13.078103270381689,FALSE
34,2022,6.707178447861224,52706.52135939223,0.3825982011388987,21.07295671943575,36.903313354731914,Suburban,64.57735674921423,2.768013009801507,30.302930064499378,FALSE
35,2018,10.799962549936026,41353.525014554536,0.5028357472736389,13.271913039498031,234.30161413430568,Urban,39.497664221562445,35.28827158221975,31.886040279641747,TRUE
35,2019,10.633517805486917,69896.57750131488,0.4437887453474105,22.617896888405085,54.71090777089408,Urban,78.79307284019887,10.03038006555289,28.194794189184904,FALSE
35,2020,11.52376412297599,49919.77724064438,0.536941455444321,19.692431818693876,791.7076490224487,Rural,87.02702741604298,8.063615953084081,31.97524743154645,FALSE
35,2021,9.129306483082473,76380.23815952915,0.35672592381015417,24.37095007393509,125.41501053632233,Urban,86.40979936346412,31.64861043309793,17.825220674276352,FALSE
35,2022,9.429669590201229,38216.99215455155,0.3767686945851892,19.038805500604212,471.077983830923,Suburban,78.2219226937741,12.327772539108992,44.34982200153172,FALSE
36,2018,11.10738375177607,30000,0.4817241684533656,10.017684241756797,33.62679849412733,Rural,73.16818443126976,10.299274182878435,42.48244524002075,FALSE
36,2019,3.4792197989299893,45526.77673064822,0.38761327201500534,20.811325521208346,232.74984018637744,Urban,41.0161866992712,5.135501330252737,12.482427209615707,FALSE
36,2020,5.522379012778401,30000,0.38509861887432634,18.876552623696625,10,Suburban,35.13040648307651,4.9129607090726495,31.174370367079973,FALSE
36,2021,5.177204792853445,79627.09683510759,0.47053481824696064,11.010314747691154,456.129619559383,Urban,74.24142686650157,35.86113992333412,39.47474862448871,TRUE
36,2022,7.5178172460291535,35344.61225654425,0.3591739655472338,6.0579787427559495,1097.7224976341233,Urban,48.838430852629244,31.696034962311387,38.82835544645786,FALSE
37,2018,11.038638699101284,65342.65833367906,0.4457156017422676,22.609158479608595,119.32283720319319,Rural,46.73163612373173,16.488237855024636,12.005719505250454,FALSE
37,2019,6.465955715160817,38202.393134252816,0.3683406305499375,5.8634791104123,205.58852338153238,Suburban,58.49101600237191,6.620277461130172,36.21927658095956,FALSE
37,2020,11.628838690929115,52044.56206842482,0.5257621983066202,9.376004664227366,378.59081329993086,Rural,69.21474741306156,32.27150162961334,34.99162804335356,TRUE
37,2021,11.831261723767966,53578.220132031856,0.5385834261309356,16.812131172046065,515.8742248026605,Urban,85.76669714413583,34.564040957484394,43.79487030208111,FALSE
37,2022,8.012062985217199,64796.22578132156,0.5474123927764595,7.019383693113923,189.51711187248236,Rural,44.90878812968731,10.6572480564937,15.373323066160083,TRUE
38,2018,3.142078271135688,57658.56678599625,0.38747288640588523,6.610726499930024,67.58146459251007,Suburban,68.71283561456949,34.33378527779132,43.567237220704556,FALSE
38,2019,9.33388543361798,51250.699227415615,0.499958746181801,24.820379642769694,97.25089617512407,Rural,30.768297859467566,12.109219435602427,31.25037700869143,TRUE
38,2020,5.769655656768009,69195.52350349192,0.5022685920819641,14.430304281413555,1498.8195374141385,Urban,43.001688066869974,34.467651918530464,14.807960009202361,TRUE
38,2021,5.368659816216677,30767.83355347943,0.4521754640620202,9.341762894764543,1660.4376068988838,Suburban,76.7615806683898,28.94075564434752,44.648244716227055,FALSE
38,2022,8.904314446728677,42512.66097556321,0.3745165626518428,8.330510947853327,3597.3045201821064,Suburban,44.832406444475055,2.2213654345832765,37.34015377238393,FALSE
39,2018,6.186402826337144,53922.26683028992,0.4324322325643152,9.940656684339046,118.91659393380748,Suburban,86.84624272864312,16.098704763222486,35.56240594945848,FALSE
39,2019,5.342469235416502,30000,0.4575016114860773,17.184294536709785,442.0296695901014,Urban,40.99547579884529,39.89268615655601,44.27871122956276,FALSE
39,2020,6.427607766352594,48319.95625303924,0.4084427394438535,18.853176711127162,1144.9172942092205,Suburban,63.223789972253144,28.150699900928885,42.86525387316942,TRUE
39,2021,10.350448727142066,65512.81346638622,0.5221583341713996,15.590362567454576,1748.124252384422,Suburban,43.57872411143035,33.06576666375622,27.07015786319971,FALSE
39,2022,11.81706084148027,55202.403529575095,0.40066710123792293,11.400114544667304,452.3136293308053,Rural,62.555862441658974,15.28881052415818,44.007096188142896,FALSE
40,2018,9.729581637773663,49842.00260332953,0.4285782832186669,19.95006137061864,60.59802289150886,Urban,54.640519679524004,36.899276189506054,30.690396390855312,FALSE
40,2019,7.224167498527095,63407.8588481931,0.5075131390243769,17.769144526682794,560.7064135334467,Rural,86.01549983024597,24.666661199647933,41.575793381780386,FALSE
40,2020,7.8924858786631376,53248.89991723395,0.36958033493719994,19.944303366355598,199.64977033801907,Urban,55.352121382020414,9.179752701427788,15.425098622217774,FALSE
40,2021,11.96007667039521,46793.33340611579,0.3994663959369063,19.321745266206563,302.7526637688367,Urban,44.66260283254087,4.427013362757862,31.307873111218214,FALSE
40,2022,3.6398952584713697,56242.5839856369,0.36144411498680706,16.46350863855332,626.5838130933626,Rural,44.30820167530328,8.351321815047413,6.780871814116836,FALSE
41,2018,4.772399987094104,85456.2014119209,0.5271604280453176,7.249986445531249,806.2885998941073,Urban,30.86655972059816,36.97393595520407,30.735854590311646,FALSE
41,2019,8.17675099382177,51137.95396606151,0.43902304875664416,8.896614974364638,555.1583901219163,Suburban,55.2875396842137,14.753161064349115,20.747287590056658,FALSE
41,2020,7.569693831726909,57794.613686697696,0.547255290625617,18.96994709968567,10,Suburban,61.22648220509291,3.9074862711131573,10.807905569672585,FALSE
41,2021,7.784884355496615,37967.68424848975,0.44680602047592405,23.239020672626793,216.40719929051647,Suburban,44.347650026902556,17.412480450235307,22.401702953502536,FALSE
41,2022,3.0798645755276084,36870.94876779264,0.39132369523867966,13.229564148932695,368.4055434542369,Suburban,53.65583351813257,6.669352202676237,20.61528615653515,TRUE
42,2018,8.341721499804407,48580.49592117735,0.45202325894497336,17.159105436876416,217.38384899842097,Suburban,31.86102071776986,28.449405515100807,20.49500687047839,TRUE
42,2019,10.233625086257234,42684.08053083807,0.3584182471036911,9.765127119608223,36.34735426647182,Suburban,50.513321491889656,2.7133796266280115,12.068036152049899,FALSE
42,2020,5.5863289148546755,61776.299121786484,0.49107251078821723,5.850898395292461,3808.83382374785,Urban,56.95280335843563,35.669660420157015,7.908405978232622,FALSE
42,2021,11.254167233593762,45819.83522728376,0.3607852834742516,17.741391845047474,25.316582166686004,Suburban,54.43786444142461,2.492079407442361,32.33420888893306,FALSE
42,2022,3.0988368603866547,52164.82819761742,0.4500987148843706,6.1422363528981805,274.0408226818106,Rural,78.10102772433311,3.575751115102321,39.54427195712924,FALSE
43,2018,10.243170774774626,42736.42649530415,0.4919683870859444,17.86772477440536,224.52029195327677,Urban,65.80918293446302,34.946144899819046,11.814461145550013,FALSE
43,2019,9.002350292634219,58377.76894804521,0.3570938278455287,13.771801311522722,226.7337370933102,Suburban,80.30358457937837,18.352183093782514,21.37220854870975,TRUE
43,2020,8.311028227675706,52244.42834135436,0.37154546128585936,13.526962818577886,10.486843847643133,Suburban,61.14623827859759,4.05775527888909,10.168507415801287,FALSE
43,2021,7.3048840798437595,66686.3362058767,0.4762341343332082,10.295673650689423,33.27873737676901,Suburban,44.32015848811716,11.812823398504406,37.80065857805312,FALSE
43,2022,7.4377762586809695,75313.839076175,0.3847861471120268,22.78848343528807,302.015453115187,Rural,69.37814504373819,23.022834304720163,16.603358862921596,FALSE
44,2018,10.58424148731865,65020.56510814246,0.44952192869968716,21.35255376342684,493.7426951006162,Urban,84.11251983605325,26.268414271529764,34.79140589013696,FALSE
44,2019,6.6015813876874745,49605.45828207655,0.5127225691452623,7.6042072009295225,1313.58590065036,Suburban,73.19248823449016,34.96229864144698,9.315621824935079,FALSE
44,2020,11.176763871917501,54424.65425342023,0.45954310335218906,6.495383894070983,347.57792310521415,Suburban,38.159912447445095,11.993625289294869,26.809799717739224,TRUE
44,2021,9.548657901585102,56371.594611366265,0.4076987445354462,15.76840611640364,71.22260429764195,Suburban,80.06891290191561,39.872406132053584,8.01420551724732,FALSE
44,2022,11.262760848971084,69946.66776158047,0.3976288236211985,20.860377489589155,761.2681178918658,Suburban,78.94603001419455,13.265185521449894,35.598321137949824,FALSE
45,2018,10.5998006737791,72435.10997269704,0.46806945917196574,8.701786664314568,954.3621230886819,Rural,55.41756768710911,30.43590557994321,7.665061857551336,FALSE
45,2019,11.154005837626755,32382.834782044218,0.5068752293474973,17.429145625792444,156.97415528769915,Urban,71.58226357307285,29.835005739238113,31.303451163694263,FALSE
45,2020,4.270714445505291,57806.36395387456,0.49966306434944274,13.444349295459688,955.9059296155338,Suburban,45.95617946237326,33.112412041053176,29.247018918395042,TRUE
45,2021,10.38408735813573,45390.545787788025,0.4507276061922312,19.699865919537842,56.51442926017116,Suburban,31.147934175096452,27.37136680399999,28.423456512391567,TRUE
45,2022,7.957122497493401,42419.26462831461,0.5314681706950068,14.00591230019927,352.0102441467163,Urban,80.92329811770469,5.577568357810378,28.867373317480087,TRUE
46,2018,4.246061468264088,45040.40273621193,0.36742353430017827,15.280575179494917,21.902894776578385,Urban,75.66091996617615,32.343870752025396,17.354706032201648,TRUE
46,2019,10.75400120113045,49809.00171699386,0.4431361950468272,12.518029138445854,213.0982226952144,Suburban,47.03830351587385,39.02378307748586,29.150804039090872,TRUE
46,2020,5.245526599232107,64915.060376584406,0.5354511446785182,7.336516990326345,11.818787425627018,Rural,31.059128735214472,21.166370584163815,7.904147543013096,TRUE
46,2021,11.846494030673057,65334.745121795204,0.5469868286978454,10.162829360924661,19.245003029720827,Urban,75.79394850879908,20.771127371583134,8.215543357655406,FALSE
46,2022,6.500629293266684,35575.16865212904,0.39317180779762567,6.42910092137754,221.95756081427766,Suburban,54.82597071211785,8.435418419539928,28.813796332105994,FALSE
47,2018,8.642582016298547,51094.976307392884,0.41237930417992175,10.653717257082462,1360.5146083426046,Rural,84.88954269792885,34.159427501726896,9.896928304806352,TRUE
47,2019,6.377398242708296,74824.47552583879,0.42679845648817716,14.355150051414967,119.77963998631768,Urban,87.87224913015962,6.849231894128025,41.51166649535298,FALSE
47,2020,4.862398329656571,54989.314382003155,0.4257566810119897,11.43425740301609,249.16405903556202,Suburban,89.22168639488518,8.529928669333458,36.259378865361214,FALSE
47,2021,7.109625679906458,53972.38208253422,0.5343745026737452,20.106209251098335,64.03809550312197,Rural,33.494028467684984,7.910667230375111,38.11906895600259,FALSE
47,2022,11.646521254442632,57939.9499133333,0.49455302157439296,7.633816194720566,835.0756881785564,Urban,60.45514966361225,14.530134110245854,40.65227488055825,FALSE
48,2018,9.418151625199243,52023.99114785989,0.4001877231989056,12.112739025615156,123.73050119074908,Suburban,86.31291209254414,9.061939117033035,12.556324573233724,FALSE
48,2019,3.4955975892953575,47822.134879766396,0.39683171324431893,5.274557452648878,344.7430112390187,Urban,89.23301822505891,24.058291961904615,36.33738860487938,FALSE
48,2020,10.778208221308887,43908.78591694047,0.3669384909793734,10.895551834255457,747.586378232049,Rural,71.15228188689798,31.81883512251079,39.703642167150974,FALSE
48,2021,4.856679795077071,70940.59427592678,0.3950466298498213,7.1631795540452,1494.8945072005326,Suburban,81.47754475940019,12.854387547355145,35.43319623917341,FALSE
48,2022,10.802998563274741,85049.5236194935,0.3812140483409166,20.950191519223154,307.9733371614596,Suburban,85.79452162608504,27.1661144210957,25.78296205960214,FALSE
49,2018,5.878681673901156,55469.87304050761,0.40525219100527465,10.57008197531104,21.89056749428338,Urban,48.44754121731967,27.69642496854067,36.96397662162781,FALSE
49,2019,11.818694445071742,76238.37243208953,0.4179697167593986,15.151802669279277,245.0556065668666,Suburban,75.68462120834738,8.906621043104678,12.050263416022062,FALSE
49,2020,5.335397474002093,61043.900566067365,0.4370254402980209,12.223415221087635,49.808758230443225,Suburban,57.4731431202963,31.672623828984797,39.17312640696764,FALSE
49,2021,3.8538632292766124,30000,0.4825051529798657,22.056760704144835,57.48674675841116,Urban,70.56183784268796,11.05650620535016,40.74744668789208,FALSE
49,2022,7.599839985603467,70776.44918034485,0.5174438297748566,20.193807976320386,443.84163534066823,Suburban,44.477166035212576,28.805357622914016,20.59002161026001,FALSE
50,2018,5.065404931548983,58827.30097903652,0.5425297755748034,23.57952939812094,165.2994201412511,Suburban,59.55191848799586,36.66871124319732,26.64568329229951,FALSE
50,2019,10.720536465290934,45035.404241825134,0.46903796335682274,10.018456322140992,312.5830249244814,Suburban,36.37319241184741,3.9008635859936476,17.83412903547287,FALSE
50,2020,4.004622413311154,62089.2773546892,0.4267313567455858,9.292066991329193,84.70714184686469,Rural,46.48196092341095,38.11104136938229,11.596405664458871,FALSE
50,2021,9.880198272876441,44398.96133746053,0.4780898592900485,7.024897909723222,497.20481818898156,Suburban,57.312501850537956,35.42611261084676,21.6204075794667,FALSE
50,2022,4.10364869213663,57454.91917925515,0.48865297161974014,7.144458661787212,135.0670514650079,Rural,48.12104464508593,30.529191645327955,26.62954737432301,FALSE
51,2018,5.950687502743676,56964.68375778446,0.42164905918762086,22.31711244210601,73.10375328761813,Suburban,70.0047419546172,22.688296196050942,32.542607141658664,TRUE
51,2019,4.955968894762918,59906.25874901036,0.4595151586458087,7.001798665151,25.66816317257668,Rural,35.40910725016147,21.972141433507204,32.747806841507554,FALSE
51,2020,4.816727702971548,62510.81242872627,0.49098821948282423,23.84030564222485,30.125241148813174,Urban,52.78790828771889,27.626663161441684,32.00028489343822,TRUE
51,2021,3.247718713944778,68435.45821497923,0.3737192802596837,7.863518502563238,129.35950012083174,Suburban,39.68731571920216,15.61560227163136,6.816779533401132,TRUE
51,2022,8.397839990677312,53766.23242908536,0.36989555521868167,15.770064112730324,79.19790431930724,Urban,74.33444482740015,12.84559056442231,43.44811039045453,TRUE
52,2018,9.426217618631199,47669.73691493153,0.43276842492632567,21.07376647181809,22.997747814212214,Rural,80.56620980612934,25.80228518648073,17.026389855891466,FALSE
52,2019,9.010101210325956,46417.85354872221,0.4943913974333555,23.566924794577062,196.39202444384523,Urban,40.75782455038279,35.97493786364794,30.916213570162654,FALSE
52,2020,11.969348683487624,46923.729688203304,0.40013660774566234,24.82292058877647,67.04019916126057,Urban,65.06991086527705,21.584679193794727,36.56489558517933,FALSE
52,2021,7.196115749655291,71008.22850977628,0.4156376975122839,10.509875756688416,1588.9841981937273,Suburban,89.27389489486814,15.552618088200688,10.282421866431832,FALSE
52,2022,10.887471865396947,74290.94870319331,0.46043102317489687,17.763111488893628,316.5737861437897,Urban,48.92027868423611,32.23529215808958,43.97558392956853,FALSE
53,2018,9.118260819464922,30000,0.45604232484474777,16.158260190859437,375.21921182577523,Suburban,60.07960431743413,25.317940222565085,40.55952946655452,TRUE
53,2019,3.994109669001773,50293.938240833406,0.3635614539962262,16.473189871758223,90.51132626242243,Suburban,88.07621223852038,13.787864628713578,5.631996663287282,FALSE
53,2020,9.418743263930082,38886.015303294815,0.44920351398177444,17.54788301885128,12068.723084125306,Urban,45.89550986420363,4.632313257083297,43.91606983728707,FALSE
53,2021,9.867958135670051,36618.1491292719,0.48001353605650365,16.610222342424095,10,Urban,67.60114131029695,20.684762437362224,33.21013820357621,FALSE
53,2022,11.632606544997543,67637.40893556149,0.5283445401582867,17.01183199416846,50.59262745821808,Suburban,52.996055111289024,25.721689094323665,14.429411040619016,FALSE
54,2018,9.753353320760652,61987.25638127028,0.41532201222144066,11.250859759747982,282.6449882430655,Suburban,61.07056642882526,21.004946735221893,5.5965823866426945,FALSE
54,2019,9.30346537171863,67474.42109403238,0.5488946099299938,8.473548605106771,230.55491913272581,Rural,30.357093159109354,12.72977532632649,12.536475649103522,FALSE
54,2020,11.517491701757535,59599.211454816475,0.5291851966176182,22.75520083028823,7259.570743640974,Suburban,75.15634001232684,9.628588425461203,43.920407835394144,TRUE
54,2021,8.25288614211604,39947.75584170143,0.41263809711672367,12.429448049515486,653.8296784170401,Rural,34.44216225296259,15.42039971332997,31.628547171130776,FALSE
54,2022,6.256456203991547,61677.33717426736,0.4987395911477506,17.734609772451222,870.2199853311071,Rural,76.95053771138191,30.210821682121605,40.18260554410517,TRUE
55,2018,8.976576147833839,54684.61254684096,0.39678872367367146,21.40990559477359,648.6570678836956,Urban,49.38800329808146,24.918905032332987,25.435932641848922,FALSE
55,2019,11.820852912962437,30000,0.4461709737312049,6.138899391517043,10,Rural,39.42062735091895,36.54585086647421,39.63546781800687,FALSE
55,2020,10.620494423434138,84023.90169023101,0.5417832228820771,12.586035705171525,101.33041713314225,Rural,32.16127789579332,26.030523417983204,23.45331773161888,FALSE
55,2021,3.7279939013533294,32838.73932468823,0.4586389407515526,12.260917266830802,58.081586979970695,Urban,34.235162059776485,33.879795785527676,28.802835727110505,FALSE
55,2022,11.803978517884389,80929.48983965097,0.4925087756011635,14.645930989645422,38.202785706450904,Urban,62.39859212189913,25.744375948328525,24.523399155586958,FALSE
56,2018,9.256007517920807,60070.49120504099,0.5393224757164717,20.725742457434535,116.26150177278821,Urban,33.40682616457343,14.466520758811384,30.68680565804243,FALSE
56,2019,5.598649614723399,30000,0.37860294929705557,23.820165465585887,46.092044367239424,Urban,76.53330270666629,21.58791880030185,26.588274324312806,TRUE
56,2020,7.016474798787385,74994.00063236883,0.4870881333947182,12.091014520265162,424.16501869074915,Rural,48.415848445147276,12.387733350507915,33.957157265394926,FALSE
56,2021,10.907798644853756,40037.545580298836,0.49699872969649733,13.821459412574768,1097.976942263097,Urban,89.42177834920585,19.234087916556746,14.578959764912724,FALSE
56,2022,6.224328398471698,52749.300334454034,0.48125109504908326,9.635909674689174,351.07964207728617,Suburban,73.4409547643736,11.628640924114734,28.9348526019603,FALSE
57,2018,9.356061436934397,62431.04303614309,0.446127329999581,6.000245497561991,54.799772262561426,Urban,42.21857733093202,13.659487131983042,41.38750529848039,FALSE
57,2019,4.681703828042373,47487.97848520635,0.5075914356391877,20.12547711841762,33.84648481816316,Rural,66.80084860883653,30.00106197828427,25.115899136289954,TRUE
57,2020,3.3483259768690914,51474.13637859812,0.3884879577439278,11.780650969594717,41.89014530942996,Urban,49.77080650627613,8.821708171162754,10.321663161739707,FALSE
57,2021,11.551237520528957,50972.472873127765,0.4889379006344825,12.472241753712296,42.39895618853691,Urban,79.48050026781857,14.08221786050126,35.15690359286964,FALSE
57,2022,4.658070869743824,37186.316105975,0.3557721583172679,6.909805303439498,127.3011741055393,Suburban,78.35488082841039,33.23347586672753,29.02382057160139,FALSE
58,2018,9.83565975422971,66155.41246837226,0.5468860938213767,9.00120175909251,386.0201679420085,Urban,84.07170210499316,28.612044541630894,18.662808276712894,FALSE
58,2019,11.361997966188937,56517.368586140066,0.3815648532472551,8.884916477836668,334.98572560444654,Suburban,48.619674006477,12.421472281217575,23.566982513293624,TRUE
58,2020,6.6859213442076,70669.29303224459,0.46004912368953227,12.928582048043609,944.9295128734728,Suburban,70.13302328065038,11.537272639106959,9.079591296613216,FALSE
58,2021,6.38612168119289,64716.247232893125,0.3514297953341156,23.538004416041076,36.02058520018336,Urban,81.02594498544931,25.933434386271983,19.086034996435046,FALSE
58,2022,3.273993042530492,70479.84999048134,0.4281011412385851,19.812192292883992,110.83072517066438,Suburban,49.12629741244018,16.769366977270693,9.40093350596726,FALSE
59,2018,11.204822045518085,37838.45080818313,0.4316562345251441,13.063620179891586,392.7078247636756,Rural,50.080063389614224,31.16503861360252,29.349958579987288,FALSE
59,2019,3.6614843735005707,36010.18185196621,0.4113171716220677,7.658920511603355,49.26354607937335,Urban,73.84031626861542,28.708961877506226,44.122782899066806,FALSE
59,2020,4.7093279510736465,73315.40365132072,0.456673235911876,15.19143280107528,51.08989686764021,Suburban,83.34158938843757,2.437298137228936,12.38473892211914,FALSE
59,2021,6.345503655262291,66714.08044113056,0.43251567911356686,23.026481750421226,80.71369243540906,Urban,58.97797920741141,36.048038175329566,24.95562318712473,FALSE
59,2022,4.126587494742125,54309.40180998602,0.3795059613883495,18.753878441639245,83.79816625594621,Suburban,51.77139119245112,15.68472104659304,18.774694427847862,FALSE
60,2018,4.425730596994981,52889.91101817753,0.517821789951995,14.386568372137845,378.3187404413117,Suburban,70.52491300273687,28.201184811536223,15.198722844943404,FALSE
60,2019,7.242229959229007,56626.56631599602,0.414853126835078,9.61243724450469,75.67639727713791,Suburban,59.238260770216584,26.726141435094178,31.642059739679098,FALSE
60,2020,9.6447258295957,67288.74824482917,0.4246902258135378,20.026962710544467,906.8770905114383,Urban,83.7606217386201,4.018977907951921,23.30295516178012,TRUE
60,2021,5.096800793660805,58705.542968471986,0.4581616444513202,12.768251919187605,183.6862836848305,Suburban,89.7990245372057,29.295476410072297,11.191535061225295,FALSE
60,2022,9.484234447125345,76181.87750479377,0.4167444565799087,14.640181441791356,506.95050089712885,Suburban,66.58661013934761,20.928606365807354,13.050439106300473,FALSE
61,2018,9.760038037318736,89583.50415321554,0.4541762332431972,15.140133518725634,111.68944162723218,Suburban,49.642117749899626,6.534806325566024,37.920869160443544,FALSE
61,2019,11.404898026026785,62554.42449360844,0.44417019323445855,23.94187261350453,158.02902519414295,Urban,52.29980219621211,11.554037437774241,29.747678358107805,FALSE
61,2020,9.344724659342319,41045.974963589884,0.37594451066106555,11.707139513455331,230.42344016450025,Suburban,33.565891440957785,2.880310465116054,29.586764806881547,FALSE
61,2021,8.514758068369702,55604.73748310018,0.48198755527846515,6.962550352327526,614.548514294988,Urban,71.5738748665899,32.35685096075758,25.558372978121042,FALSE
61,2022,4.934484664583579,39298.6310823771,0.43523396481759846,8.766676071099937,2105.8615233393116,Suburban,60.30742219649255,18.775067150592804,13.754952447488904,FALSE
62,2018,10.945623466512188,41630.70517111547,0.5123666523490101,20.448864833451807,1248.1260039241934,Suburban,83.3775957673788,8.84909262182191,39.43906020373106,FALSE
62,2019,11.001068079611287,72849.39364011941,0.526680904114619,8.399523715488613,1164.075725414939,Suburban,31.007000422105193,13.630156181752682,39.110934380441904,TRUE
62,2020,9.565275043481961,73041.08813272382,0.41344218854792414,11.559922508895397,509.3819712511962,Rural,66.63381345570087,31.05818825867027,13.339300760999322,FALSE
62,2021,3.4860836325678974,68361.0359176328,0.4866446180269122,8.688027495518327,397.4277324568667,Urban,74.39429621212184,12.81585037894547,17.701354948803782,FALSE
62,2022,7.990847950335592,36341.01410780771,0.5414483172819019,18.167246864177287,171.4500030151296,Suburban,80.03926235251129,2.061067712493241,25.665145320817828,FALSE
63,2018,6.630241484614089,55712.1397220454,0.5384255900979042,21.40598978381604,186.30664330174056,Suburban,73.79556620959193,9.241539234295487,18.36373183876276,TRUE
63,2019,7.7850784657057375,60224.86340500062,0.47495310637168586,8.02812256384641,51.7762847989549,Suburban,37.447339771315455,21.534097862429917,16.79430709220469,FALSE
63,2020,9.917715319432318,81089.92022106255,0.48920862441882496,19.393267147243023,9157.1315235792,Rural,75.98314414266497,32.25236847065389,16.901963846758008,TRUE
63,2021,3.8864724347367883,49674.79600274219,0.47183677307330074,16.580861918628216,94.52590829037472,Rural,32.046151463873684,38.552268241066486,30.146176554262638,TRUE
63,2022,8.96492387750186,32880.51359549731,0.40744524453766645,11.882900036871433,162.66818527658785,Suburban,56.63442060817033,6.355231875088066,6.321707628667355,FALSE
64,2018,8.741342207416892,77030.23364946453,0.48225893471390013,19.26553489174694,234.39634518785948,Suburban,51.885898732580245,26.664716608356684,8.883205698803067,FALSE
64,2019,11.177303228527308,64555.23100519389,0.4452176929451525,14.958304185420275,160.8588076517733,Suburban,72.26396726444364,17.75957074901089,22.692127637565136,FALSE
64,2020,6.519606632413343,67014.2354611226,0.4104839388281107,15.810088575817645,19.543477034765168,Urban,40.998077262192965,31.553195245563984,14.937827391549945,FALSE
64,2021,10.634002323495224,54131.040396111435,0.4358649400062859,21.406579492613673,131.9730805287936,Rural,66.69940074440092,9.448592123109847,19.951852839440107,FALSE
64,2022,11.669373809359968,34953.27442179605,0.4281995008233935,11.163178603164852,213.81233283778272,Urban,81.06400268152356,33.601958204992115,19.660485591739416,TRUE
65,2018,5.097898311680183,34426.39519208181,0.5346660431940109,6.59934226423502,68.47598429745378,Rural,60.050320574082434,29.959249804262072,23.088244777172804,FALSE
65,2019,5.950982694514096,63775.861747936826,0.37993007637560366,20.24532049894333,60.562160071722886,Urban,46.82815390639007,7.866218013223261,9.746255585923791,TRUE
65,2020,10.024830298265442,65028.0694587923,0.43274999810382725,10.626924610696733,39.58333666563854,Urban,62.17425788752735,36.84477851912379,32.34467447735369,FALSE
65,2021,11.758280375506729,46573.767645915614,0.46583030447363855,14.049753327853978,24.001993821320347,Suburban,64.88082409836352,25.473426647949964,17.242451310157776,FALSE
65,2022,4.785870151827112,75379.16008948535,0.5191204798407854,7.688415944576263,801.4476918192244,Suburban,56.96773284114897,30.210521139204502,39.067271053791046,FALSE
66,2018,5.1618115534074605,75046.78927711872,0.44523418871685866,22.241976596415043,88.05498673066295,Rural,53.949549961835146,11.355282476171851,13.145840922370553,FALSE
66,2019,7.954903591889888,56595.70379429881,0.4812082663178444,14.155375026166439,344.8819729934806,Urban,61.641217516735196,12.28393784724176,13.036295985803008,FALSE
66,2020,8.283033301820979,55111.20186854429,0.535097236884758,19.233956588432193,623.1084314622935,Urban,43.766669165343046,2.1150035625323653,39.98485593125224,FALSE
66,2021,5.052349580917507,38249.409724847974,0.47260704259388153,21.08753039035946,250.43848018242645,Urban,61.12994883209467,34.388944392092526,16.318869991227984,TRUE
66,2022,9.187101673102006,37550.566906547014,0.38118028184399005,22.04223488457501,16.7448243969144,Urban,48.750075437128544,26.046112331096083,21.250922810286283,FALSE
67,2018,10.068550690775737,63345.34813622012,0.4399094245396555,15.594805465079844,191.9526908636871,Suburban,78.57875611167401,33.66140971519053,28.824015874415636,TRUE
67,2019,7.915169475367293,67579.63623622987,0.3514221498277038,7.923983260989189,29.141404499253987,Suburban,76.15534198936075,29.57045265287161,38.95968689583242,TRUE
67,2020,11.842303667915985,50183.56514059671,0.5029781511984766,24.400829183869064,146.80038014282323,Suburban,81.35678321588784,9.26211818261072,33.97833118215203,FALSE
67,2021,4.98020144412294,67218.03979006877,0.3838468541856855,24.696255060844123,10,Urban,74.89483026321977,37.672889362555,7.240423578768969,FALSE
67,2022,5.838136170292273,48911.631370714866,0.4053494803141803,23.08044921606779,246.19569308079195,Suburban,42.99051983747631,11.365305988118052,39.63865417987108,FALSE
68,2018,8.06637354567647,89260.91316073705,0.45864612087607387,20.12774597853422,1918.599851662382,Rural,61.61514088511467,30.26511654863134,15.03377347253263,FALSE
68,2019,3.975743406219408,66211.98382786337,0.4225311930757016,22.943410533480346,142.14760208941578,Suburban,45.106223481707275,34.339221734553576,29.678360726684332,FALSE
68,2020,6.401325525250286,36331.560622993915,0.3693614909891039,19.20298486482352,563.9932519264123,Suburban,88.79728924948722,37.19685181044042,41.653871620073915,TRUE
68,2021,4.5872692982666194,42165.92115833795,0.4990237756166607,11.861681081354618,233.61037516326448,Urban,45.034934864379466,34.644574692007154,24.707486992701888,FALSE
68,2022,6.685365485725924,57151.60146416633,0.36515379827469585,18.04623886011541,43.87270270067168,Urban,71.94996809586883,28.274277169257402,42.11298169568181,FALSE
69,2018,7.671405318193138,36961.11105864022,0.3568754504434764,10.144883221946657,1858.5383415382325,Suburban,88.20861054584384,27.35692156245932,39.062780030071735,FALSE
69,2019,9.619060467230156,60548.59794758798,0.3967937908601016,10.917412163689733,47.34365675690058,Suburban,37.824163106270134,25.970741814002395,32.47864140197635,FALSE
69,2020,10.42447935976088,58679.95307352096,0.47571928324177865,19.676808202639222,166.47966033728403,Urban,68.51154243573546,27.71570584643632,19.41590809263289,TRUE
69,2021,5.5672381308395416,43966.91890428055,0.394114628713578,6.397617938928306,1114.3585155626813,Rural,77.60657872539014,9.988168521318585,15.932184094563127,FALSE
69,2022,9.37016685353592,71389.64639784361,0.4924935723654926,11.25519568566233,156.44402859879068,Suburban,68.86776619590819,14.960199593566358,14.799065114930272,FALSE
70,2018,7.111100463196635,49589.32387313249,0.46082431338727475,13.814042932353914,2390.729057539166,Rural,88.01884026266634,26.715904749929905,44.92748820222914,TRUE
70,2019,4.162140150088817,30000,0.4302452194970101,21.398398536257446,273.1023949545415,Urban,67.39127566572279,23.180762303993106,8.857034230604768,FALSE
70,2020,11.362892283825204,50125.79794954469,0.38308561909943817,12.12861486710608,249.4957293407053,Rural,86.68819706887007,39.99933240702376,27.675589229911566,TRUE
70,2021,3.2966318442486227,59925.978462533196,0.5005266435444355,10.752003039233387,929.751667844222,Suburban,60.51492582075298,14.89450051728636,43.90134229324758,FALSE
70,2022,6.299650481203571,72901.27438652022,0.4923972180578858,18.367545790970325,2777.4667050984835,Suburban,36.696319822221994,13.07739686826244,6.371971536427736,FALSE
71,2018,11.832042581867427,53951.663158786556,0.461197585426271,11.831853846088052,788.671630621918,Rural,32.796216239221394,15.776484658475965,27.382797049358487,FALSE
71,2019,9.77659294148907,67450.64534131027,0.4245788775384426,8.530266447924078,297.79872943395657,Suburban,61.14024229813367,23.182220683433115,17.235748898237944,FALSE
71,2020,10.67099681077525,48501.03463882253,0.4117181478533894,21.47435154300183,593.3790331603873,Urban,88.18055493291467,2.997866381891072,14.339718157425523,FALSE
71,2021,7.014878138434142,49248.62587069547,0.38954656310379504,11.377090360037982,293.41471358293364,Urban,84.10929067991674,21.473995737731457,31.658257199451327,FALSE
71,2022,5.267416207585484,53606.16174978786,0.5402595189400018,15.0823320960626,51.01859016823084,Urban,65.41555709671229,21.921555713750422,21.641297908499837,TRUE
72,2018,4.799888096982613,60838.14324339786,0.37507422268390656,13.301552557386458,147.89503090346014,Suburban,56.27500518690795,17.875735687091947,44.52284511178732,FALSE
72,2019,4.6271092048846185,38878.57959931799,0.5318948578555137,15.70909972768277,98.51466138409248,Suburban,78.93420961685479,13.11584935663268,33.87831358239055,FALSE
72,2020,9.147429050412029,59905.605220382815,0.5095227055251599,17.346403123810887,199.35725353979888,Urban,69.9473189888522,11.074226629454643,30.006253784522414,TRUE
72,2021,7.778556793928146,69275.87598458829,0.38015871862880884,9.058820083737373,1880.030172032414,Rural,33.81026272661984,4.0081456932239234,20.971749182790518,FALSE
72,2022,10.440045438241214,40382.707965590154,0.5334789004642517,13.416144028306007,10,Suburban,68.44444057904184,23.077626873273402,33.80165880545974,TRUE
73,2018,5.3192289168946445,51514.14775699283,0.3918975500855595,11.264280858449638,87.25016413044607,Urban,63.56169020757079,13.017647062428296,38.066351832821965,FALSE
73,2019,9.45465665962547,48483.85307067404,0.4492318044882268,23.222322007641196,28.513513790873883,Urban,70.1071784645319,24.714217902626842,26.803187942132354,TRUE
73,2020,7.169074872974306,52726.895639587725,0.4632321484386921,10.583491260185838,109.7679238542883,Urban,50.351667143404484,19.20651519857347,9.88268868997693,TRUE
73,2021,3.6891366094350815,79777.5382671483,0.5472223667893559,15.997181790880859,221.9897269669779,Rural,34.642281546257436,35.70941146556288,18.972252076491714,FALSE
73,2022,3.8146640101913363,76424.56896244883,0.5198794438503683,24.856672449968755,10,Suburban,36.819328274577856,23.96968218823895,28.308704299852252,FALSE
74,2018,9.15773096261546,72180.21076193366,0.5175188686233014,21.90785499289632,1251.4001858653457,Suburban,88.67619321215898,30.597399342339486,13.234531404450536,FALSE
74,2019,8.213437661994249,61313.784575468635,0.39157237140461804,20.290774488821626,110.46007288085724,Rural,88.04707752540708,17.04911865759641,11.624919772148132,FALSE
74,2020,5.681543175363913,30000,0.4741199299693108,10.81431726925075,157.60647645124908,Suburban,34.37004238832742,26.291998533997685,5.867376942187548,TRUE
74,2021,10.007221612846479,56493.85985382732,0.4907607762608677,14.131422000937164,973.4448438437786,Urban,33.24540174566209,18.09199574077502,24.567589182406664,FALSE
74,2022,7.597079414175823,74265.43672542235,0.39104667683131994,17.000130619853735,30.617920806064088,Urban,35.41294793598354,17.50395865738392,43.752142544835806,FALSE
75,2018,6.207115728640929,78298.05067186418,0.4865804015193135,12.716689151711762,203.1014389969284,Suburban,60.47936563845724,21.633652506861836,35.124027356505394,TRUE
75,2019,11.255668333964422,44820.19485977894,0.3876773057039827,17.33574108220637,47.2455430803553,Suburban,49.314179378561676,18.508426578715444,13.278662329539657,FALSE
75,2020,7.22832949901931,59063.60698858916,0.5352371350396425,13.384159500710666,229.37458110485636,Suburban,80.94019698444754,9.227128993719816,11.737323179841042,FALSE
75,2021,3.9647902348078787,57307.058577438656,0.38256832137703894,11.820305311121047,15.98938261716792,Suburban,44.865853479132056,25.35376780666411,43.90595570206642,FALSE
75,2022,5.441587426001206,65712.20033540182,0.5283824248239398,9.471272290684283,31.258907784426885,Suburban,54.66629846021533,10.862838106695563,6.197726558893919,FALSE
76,2018,8.84775945567526,38961.79480578942,0.358511664904654,24.85653807874769,183.76995290110398,Urban,78.24064152315259,36.00841912673786,31.457051383331418,FALSE
76,2019,5.342885841149837,55542.99177257051,0.4390813225880265,9.414662807248533,833.028646195232,Suburban,50.16138598322868,22.00795892253518,36.59070190042257,TRUE
76,2020,7.87849919591099,35281.4455915372,0.484315080428496,9.678897834382951,248.72143569715254,Urban,70.55187565740198,32.20384728582576,5.792907839640975,FALSE
76,2021,8.247054206673056,30923.262976264843,0.547339282464236,19.187071700580418,203.6474531753058,Urban,37.924552923068404,25.3038626415655,28.21565803140402,FALSE
76,2022,3.0911509464494884,42883.28462363759,0.532677395734936,21.475340155884624,317.87159417782317,Rural,68.32559777889401,23.186967180576175,17.941492339596152,FALSE
77,2018,6.968871177406982,60621.052249667184,0.479942057421431,20.264369095675647,10.067929091285183,Suburban,35.40585648268461,34.159290567971766,36.15752438083291,FALSE
77,2019,10.926046452485025,38203.52297565661,0.4112392803188413,23.22903552558273,247.59134699806404,Suburban,43.458515256643295,28.929428753443062,23.571749944239855,FALSE
77,2020,9.468761579599231,52020.10096093959,0.42483528684824706,21.03006713092327,111.25417441240441,Suburban,33.83505075238645,28.524806494358927,16.122329933568835,FALSE
77,2021,3.35631949827075,47199.24476545542,0.5244310965761543,19.996467381715775,2370.5228573168815,Suburban,63.39000149164349,12.61761099146679,39.1937746014446,FALSE
77,2022,5.6570064320694655,54558.87768380098,0.4270406435709447,6.110093584284186,248.58917398915898,Suburban,78.82972867693752,8.63844335731119,29.370477180927992,FALSE
78,2018,7.114118025870994,60935.23877159008,0.5442087748087943,23.490245235152543,265.2373845612807,Rural,30.63256968744099,28.49064071290195,35.72667820379138,FALSE
78,2019,10.648762890603393,58264.82908044636,0.4490634880959988,7.82243546564132,74.44000515970951,Urban,68.06383192073554,28.208809315226972,10.820831069722772,TRUE
78,2020,8.662892947671935,59279.759937439725,0.4497021660208702,19.084679959341884,20.27165450384854,Suburban,66.93686907179654,21.94776053633541,21.021397095173597,FALSE
78,2021,11.606382757192478,61661.66500215445,0.5228289806749672,13.557343310676515,316.0906134819428,Suburban,80.59901334811002,4.279207154177129,9.086938062682748,FALSE
78,2022,9.487418769858778,39741.57929465892,0.39218639554455875,19.570371638983488,612.7899601374861,Rural,64.48377784341574,29.35135551262647,23.083986826241016,TRUE
79,2018,5.116820055758581,73470.92105794337,0.49735116455703976,16.80594207253307,5657.167136795191,Rural,32.680813847109675,31.653230666648597,35.59488042257726,TRUE
79,2019,5.737084664404392,62124.82054861859,0.513170974003151,14.673465420491993,265.12256727795744,Rural,47.24422824103385,4.215348035097122,16.797100054100156,TRUE
79,2020,8.548690772149712,39843.241704970686,0.48587987618520856,14.833078682422638,33.21134999876727,Rural,78.8042505690828,15.766244620084763,43.80377219989896,TRUE
79,2021,5.363564815605059,53048.81601990391,0.4421054053120315,13.081883303821087,552.900088008938,Rural,47.9649010905996,6.74354113638401,36.19931414723396,TRUE
79,2022,6.339642343344167,67700.06686100764,0.5305041905026884,8.21234583389014,585.0897711352427,Suburban,82.53006131853908,16.005435587838292,28.779639014974236,FALSE
80,2018,6.214715916663408,62909.907882592735,0.38048590808175503,18.67996397893876,15.290375243707416,Suburban,51.79827455431223,39.17601351067424,17.34865153208375,FALSE
80,2019,7.834223676240072,79045.8448620531,0.44422452901490034,6.628024424426258,204.2103590070316,Suburban,87.05540036782622,15.90323637984693,39.46718472056091,FALSE
80,2020,5.996326305437833,49053.544235694775,0.40307389996014537,17.579747047275305,4501.105125822396,Suburban,50.260145463980734,39.946060398593545,16.593234967440367,FALSE
80,2021,7.315584538970143,59943.135200746045,0.48710963064804674,6.680900091305375,230.57887094864043,Suburban,65.41167304851115,21.079505452886224,34.23817336559296,FALSE
80,2022,10.993548064492643,68180.21189939459,0.5211410108488054,22.53888749051839,36.46259442044807,Urban,88.5632969532162,3.727503647096455,30.713657354936004,FALSE
81,2018,3.999690947821364,58798.35157376001,0.3623111902270466,20.25248870253563,334.78648430931224,Suburban,81.17844237014651,26.76520990859717,29.062311248853803,FALSE
81,2019,3.1276499102823436,78952.19995734018,0.4958966183010489,21.8768052989617,210.50606011578483,Suburban,51.92408608272672,32.26298053143546,23.90528967604041,FALSE
81,2020,8.77607936016284,80512.03093805951,0.4096798703074455,11.21442059520632,180.93475453623344,Rural,42.60257402434945,5.31477289320901,36.104370867833495,FALSE
81,2021,3.2036776863969862,61337.55191847401,0.4215160042513162,19.080873024649918,933.2136715610333,Suburban,61.64244880434126,32.02693975670263,11.322622606530786,FALSE
81,2022,3.4224472262430936,56904.10409052533,0.4815216111019254,18.48358287476003,136.3257876787481,Suburban,43.14560155849904,29.28363519255072,28.62222402356565,FALSE
82,2018,9.823664808645844,67219.72089157633,0.5200208183377981,10.009108921512961,346.1267975851713,Urban,57.35161491204053,36.40256758593023,12.669221749529243,FALSE
82,2019,11.97134783025831,50811.95776150312,0.41854691561311486,19.362808051519096,97.66550026536694,Suburban,65.60515641700476,21.779114093165845,34.149421751499176,TRUE
82,2020,9.69803486787714,56102.0734777609,0.36826851950027045,7.599846119992435,207.81905883639723,Rural,38.44509725924581,16.345519836526364,39.65006452053785,FALSE
82,2021,3.86841462389566,46723.75931597977,0.440579649945721,15.142816598527133,383.4396274220487,Urban,82.80913260765374,15.289134858176112,20.31536592170596,FALSE
82,2022,4.097479020478204,49067.17661677952,0.4715410489588976,19.160911981016397,133.82760732754446,Suburban,30.32443279400468,32.43408103240654,26.993266101926565,FALSE
83,2018,4.638517396291718,63832.66682455125,0.48043592851608996,9.656192334368825,346.23674945942355,Urban,82.27033134084195,37.565186297055334,40.93588976189494,TRUE
83,2019,10.430085629224777,78906.00506924863,0.4793773250188679,14.9362583598122,1123.9572500945806,Suburban,40.0869686761871,29.490318642463535,32.01713598333299,FALSE
83,2020,9.981388356769457,76603.55733984042,0.35543156871572135,8.924003904685378,116.48790819665889,Suburban,71.86345720198005,38.45495970128104,17.685426101088524,TRUE
83,2021,4.053550742100924,72548.5814562172,0.5053632394876332,12.148253442719579,414.91531823456427,Suburban,38.66151404567063,29.35452018911019,29.89896680228412,TRUE
83,2022,11.100962394615635,51115.41167441222,0.4131813824176788,5.604275763034821,491.6764598302795,Rural,72.00633211992681,35.69114761520177,31.681979494169354,TRUE
84,2018,11.911960527068004,63575.71211553401,0.35762426536530256,5.410214485600591,10,Suburban,69.03104166034609,12.961140667553991,34.02532013133168,FALSE
84,2019,5.656246912200004,72038.0109771199,0.4130795504897833,5.364455035887659,71.23238143666781,Urban,56.201480235904455,15.644046607427299,8.181966738775373,FALSE
84,2020,4.550607388140634,63897.76501752748,0.4923117986414582,15.581690231338143,216.45793398463024,Rural,42.96209574211389,28.318382915109396,26.80820452980697,FALSE
84,2021,10.429787287954241,44020.61005457189,0.3928786725271493,19.357680082321167,199.09224746039718,Urban,38.07873617392033,22.498702418524772,33.26210889033973,FALSE
84,2022,5.568956970004365,43939.09736232175,0.537358922790736,16.413126718252897,55.102664285333255,Suburban,84.33394809253514,11.539539694786072,33.874362986534834,FALSE
85,2018,11.0747427851893,39089.95717023626,0.5188452512957156,10.461708675138652,78.32926171068364,Suburban,56.387608190998435,16.336638138163835,44.62167830206454,FALSE
85,2019,5.178620412480086,39486.7084138058,0.5373066221363842,24.05488684307784,60.76037412484158,Urban,76.33111040107906,8.851569108199328,17.100009424611926,FALSE
85,2020,11.411503110313788,64150.5616098709,0.44260514895431696,23.07961668819189,335.056086598402,Urban,44.98596919700503,18.421742521692067,39.05293417163193,FALSE
85,2021,5.588871376588941,40415.11987613824,0.3709526228252798,13.905583806335926,86.71465091728061,Urban,60.075535546056926,17.089418738614768,10.272877719253302,TRUE
85,2022,11.359292813809589,75160.7871649928,0.5472634922713042,15.425598872825503,12.343041652970802,Urban,43.681660601869226,36.07836962584406,34.86896935850382,TRUE
86,2018,6.332489084685221,54406.99084385884,0.48494869796559215,22.682005730457604,389.0497572605744,Suburban,44.474177663214505,11.19683845154941,10.423827106133103,FALSE
86,2019,4.959678060840815,34831.84684272428,0.38919692672789097,24.539992762729526,132.00728044150915,Suburban,74.63315930217505,10.26436682511121,11.754938149824739,FALSE
86,2020,3.5584521568380296,55498.131805627774,0.4625591976568103,14.45536124985665,65.09419898728058,Rural,71.5981823997572,29.915228358004242,36.90141982398927,FALSE
86,2021,3.2011259626597166,66004.75187379919,0.5332001265604049,12.270595682784915,108.93316948686402,Suburban,76.28647981211543,31.062760423403233,19.874051734805107,FALSE
86,2022,5.224721030797809,54371.88700798376,0.498084029275924,9.675609418191016,39.61793943155851,Suburban,33.430169401690364,8.662127376068383,18.71815586462617,TRUE
87,2018,4.194327519508079,55889.844593799644,0.43018746441230177,6.639639721252024,93.87525677704458,Rural,57.72973470389843,36.17629745975137,37.96274249441922,FALSE
87,2019,7.014803449390456,71084.3917653165,0.38750827629119156,9.271968640387058,43.566317182891005,Urban,51.933719641529024,18.686302942689508,38.16848144866526,FALSE
87,2020,3.4353076473344117,68495.56484019128,0.3600302853621542,16.20645381975919,793.2908592974433,Rural,54.808742995373905,18.922306212596595,37.68976624123752,FALSE
87,2021,6.762937508057803,49659.562145327545,0.366597367124632,8.4539983747527,20.110749772969545,Suburban,68.18975142203271,4.098968331236392,31.265405910089612,FALSE
87,2022,8.699138664873317,30000,0.47212136997841303,22.407177765853703,195.04437598248907,Rural,53.146514003165066,10.576247683726251,10.844592899084091,FALSE
88,2018,4.923383946530521,67586.84120404751,0.37694377107545735,20.049573364667594,263.9534761531103,Rural,54.05407554935664,20.57928854227066,8.560955058783293,FALSE
88,2019,3.0143123720772564,66181.1250556522,0.40886896578595044,14.106480875052512,262.38046136645363,Urban,72.80610394198447,21.147513672709465,37.772055212408304,FALSE
88,2020,7.850363923469558,48903.324433974565,0.38825287809595466,19.085380509495735,197.102136024262,Rural,78.57104529161006,9.481995421461761,19.23321302048862,FALSE
88,2021,3.5434664958156645,60113.46308317519,0.49409633004106585,10.330605767667294,22.922288336013203,Suburban,44.19212959706783,27.078165162354708,21.288060545921326,FALSE
88,2022,11.11270337481983,44598.90598269881,0.5485019487328828,15.954265492036939,10,Suburban,87.08769023884088,9.118556212633848,20.376213127747178,FALSE
89,2018,8.72525398246944,51753.70953320044,0.4032890360802412,21.53112942352891,8233.144701255133,Rural,46.74971405882388,22.959114623256028,39.941647574305534,FALSE
89,2019,10.067275189328939,56704.26393571106,0.450304395146668,9.519862537272274,467.09824185415584,Urban,75.33494224771857,5.313619595486671,5.664310734719038,FALSE
89,2020,10.566159431822598,72049.55043836849,0.36282047531567513,23.212965428829193,10,Suburban,40.14456444885582,34.57154469192028,29.404454063624144,TRUE
89,2021,4.091054048622027,63527.44135132435,0.42987393839284777,6.031573042273521,744.9983131333387,Rural,44.37910225242376,6.793766654096544,27.500743959099054,FALSE
89,2022,8.388701029820368,59210.52634119122,0.41137835099361836,22.71968957502395,421.06628089983724,Suburban,30.745226531289518,2.2326677911914885,37.157119270414114,FALSE
90,2018,8.819615954300389,60525.48319185416,0.5157321783248335,15.560552421957254,233.21654982634885,Suburban,81.97705649770796,27.13843436446041,9.510607672855258,FALSE
90,2019,11.249426336959004,80722.348586935,0.5468868982978166,16.65205435361713,676.8952971718643,Urban,33.21333051659167,15.999404503963888,19.40303634852171,FALSE
90,2020,5.93938709422946,50301.35902250121,0.41129576438106596,9.516747435554862,18.21508015126317,Rural,71.6687773866579,5.370907407253981,32.93577662669122,FALSE
90,2021,7.825017232680693,91208.46085324697,0.51467406116426,24.224816360510886,10,Rural,63.300115442834795,26.902990490663797,29.43719287402928,FALSE
90,2022,8.157345358282328,61920.92948361317,0.36166216800920664,11.393933054059744,15.361515533988383,Rural,79.03127803467214,15.275904466863722,28.955442057922482,FALSE
91,2018,9.285903918324038,40478.53300475409,0.42983194049447776,11.039992878213525,57.71600775002793,Suburban,82.08530546631664,30.39424998126924,24.050427535548806,FALSE
91,2019,11.186558100627735,74097.90064713745,0.424634905019775,7.662340821698308,719.1559904609362,Urban,89.33146663941443,29.87477565649897,28.14165717922151,TRUE
91,2020,5.391577230300754,77743.1985510347,0.447935962677002,5.107666300609708,231.73331582445365,Urban,81.25024787150323,21.50541623495519,28.728713216260076,FALSE
91,2021,9.042046405607834,66873.26207686673,0.3894442513585091,12.061877376399934,42.48947732970271,Urban,37.386734685860574,23.138755165040493,9.4481410831213,FALSE
91,2022,5.120649818563834,95775.74649728347,0.44265980110503733,23.55216666124761,57.47728242271877,Suburban,70.66904204897583,5.940521693788469,41.5754624735564,FALSE
92,2018,8.35164999612607,60004.88975099116,0.47285123937763274,13.435360896401107,734.7574566810356,Suburban,31.744446004740894,29.953586168587208,33.45981569029391,FALSE
92,2019,3.856657682452351,55991.17941751265,0.4251305199228227,13.285791799426079,10,Urban,64.00553986430168,12.677220899611712,42.246339693665504,FALSE
92,2020,6.8261946039274335,55691.49912339013,0.4667046629358083,14.3395359441638,386.6465296741424,Urban,81.43368765246123,11.582918330095708,26.31042268127203,FALSE
92,2021,9.200519270729274,59965.41500564391,0.5253489105962217,11.17218314204365,119.49673543662867,Suburban,72.32216980308294,31.237177168484777,32.52983755432069,FALSE
92,2022,10.946513873990625,89190.61822196786,0.46116466210223733,6.984739857725799,1156.9733951503779,Rural,82.54669489804655,16.895058654248714,35.17898362129927,FALSE
93,2018,9.927379722939804,73231.30771462696,0.47228223523125057,9.554249127395451,24.456929572011628,Urban,50.528726927004755,19.245339293498546,24.159620301797986,FALSE
93,2019,3.189398295013234,87043.713091135,0.42693387395702304,17.922603939659894,67.97971801687869,Suburban,66.0780748911202,22.80110831419006,43.441816503182054,FALSE
93,2020,5.337939931545407,65245.68651268041,0.46668657269328834,8.758922875858843,122.80173299114193,Suburban,80.70713847409934,17.77088270522654,30.460815224796534,FALSE
93,2021,10.481464149663225,57561.69054230302,0.5461090975441039,8.00141139421612,158.18876430489854,Suburban,74.99894854612648,21.80573174310848,39.02590022422373,FALSE
93,2022,8.358879104722291,58539.01892488552,0.3859901427756995,24.129418823868036,49.90426056952407,Urban,66.35232300963253,4.774890705477446,27.169303810223937,FALSE
94,2018,4.44599074870348,68575.85415127277,0.43604844394139947,12.08991935942322,70.65939932719053,Rural,31.8331809528172,23.256530811078846,15.520744929090142,FALSE
94,2019,3.864434774732217,35172.45422386222,0.42851906730793415,24.127910402603447,191.2467439019188,Suburban,71.85206425376236,25.8092843266204,38.069160310551524,TRUE
94,2020,11.644403166370466,57137.506390815666,0.4466579737141729,9.421686264686286,32.85728475264767,Suburban,68.12720642890781,32.43884497694671,23.67313154041767,TRUE
94,2021,11.49923025467433,64893.05396286,0.45220276643522084,21.08857504557818,315.16694390058916,Rural,78.18915265146643,18.446128745097667,9.273456847295165,TRUE
94,2022,9.825392256025225,83379.00483206884,0.3562143656425178,23.30426601693034,191.71799720210004,Rural,71.21921414975077,30.627139050047845,14.825281323865056,TRUE
95,2018,10.023503398988396,57635.933977572815,0.37453729351982473,9.195823553018272,510.76893325117544,Suburban,66.2278995802626,31.114259778056294,35.30443739145994,FALSE
95,2019,6.77494880463928,47243.8528544382,0.5468525730073452,11.781802563928068,63.72815729236121,Suburban,89.27965502254665,20.97032033186406,22.423287332057953,TRUE
95,2020,3.25096382224001,39386.37096479992,0.5178123107179999,11.94533864967525,498.86876447696346,Urban,89.80217741802335,34.276893394533545,8.214837005361915,FALSE
95,2021,6.292824860662222,65847.93359476764,0.44143732045777145,13.486038912087679,27.06579462014446,Urban,64.34158473741263,7.07390697253868,28.688143966719508,FALSE
95,2022,7.920353661524132,49779.671919911445,0.3865397822577506,10.142232766374946,30.607132325986193,Suburban,88.57051188591868,4.232256385497749,26.329449424520135,FALSE
96,2018,3.21470749983564,30000,0.45906889862380923,7.248883969150484,51.66714884682886,Suburban,89.75898005068302,14.515603905543685,32.69206980243325,FALSE
96,2019,3.937337613897398,41183.337809478995,0.4849088308401406,21.483321986161172,24.513104280349737,Urban,32.378066489472985,2.9299345607869327,14.199283346533775,FALSE
96,2020,5.223887387663126,47851.97472751829,0.3765418990980834,23.107635909691453,10,Urban,48.967982721515,13.434466972015798,40.11655748821795,FALSE
96,2021,6.970939076738432,45552.93341051194,0.4487471067346633,13.620465351268649,214.00410777445484,Suburban,52.11244412697852,4.739874115679413,9.499729257076979,FALSE
96,2022,6.6728360031265765,44048.266606042904,0.5385661192703992,22.99821177031845,32.14861027667208,Rural,45.275058606639504,3.178818123880774,21.965833585709333,TRUE
97,2018,9.415449731284752,48693.595122227845,0.5307463209610432,9.817615230567753,52.85439802635239,Suburban,62.1681723324582,20.787233681418,9.988887291401625,FALSE
97,2019,3.581779219675809,33032.60703166382,0.5469300120603293,12.149021038785577,455.38807817515055,Urban,69.1843194141984,4.744621285237372,14.290624605491757,FALSE
97,2020,9.374854975612834,43821.78427087114,0.44292292441241443,16.802597595378757,308.0017418737229,Urban,67.67761565744877,19.070529291871935,16.260393327102065,FALSE
97,2021,3.969526125350967,47415.87949670888,0.350898641301319,17.012515487149358,39.698759513354936,Urban,42.11643639486283,25.292600930668414,22.632911670953035,FALSE
97,2022,7.0695526516065,71648.93503513237,0.38315122677013275,20.81014046445489,56.34161518110963,Suburban,81.85475725214928,22.348208249080926,44.092384623363614,FALSE
98,2018,4.812076672911644,50694.745102044515,0.5217419566586614,21.37107382994145,508.48295675696625,Urban,51.579574844799936,34.980228575877845,24.123027734458447,FALSE
98,2019,11.009168285876513,35335.616465725194,0.4653113053180277,23.18944938480854,521.143997751613,Urban,36.267550312913954,19.236269602086395,32.09986816160381,FALSE
98,2020,7.216579579515383,67919.56939602908,0.5082692246884107,12.267958293668926,416.2160708137681,Urban,66.30581847857684,28.711122824344784,36.56600845977664,FALSE
98,2021,5.619801290798932,33287.04295001126,0.35819558328948914,19.21513751614839,222.63392286048926,Urban,44.91636369377375,26.61377141205594,36.010998357087374,TRUE
98,2022,9.05688603920862,42350.57761060494,0.5219752825330943,21.899487446062267,2698.195802717793,Urban,85.27162967249751,8.181930743157864,42.49256334267557,FALSE
99,2018,5.733659156598151,30000,0.5018410644028336,9.781726775690913,1522.150634134554,Urban,57.95659455936402,21.485422561876476,21.888858377933502,FALSE
99,2019,9.157528600422665,67662.72011618053,0.3596137292683124,24.386165235191584,456.8925611600554,Suburban,75.58795063756406,19.67341701220721,39.139674101024866,FALSE
99,2020,8.100217493483797,49439.536931004295,0.4266138207167387,24.424961996264756,93.92616401130698,Suburban,71.4698116807267,14.107811263296753,39.13908093236387,FALSE
99,2021,8.867004734929651,30281.78141283295,0.5095627468079329,18.12529945280403,130.12383268706247,Suburban,72.05944390967488,35.415179047267884,6.090964311733842,FALSE
99,2022,4.908997792750597,55244.404732029536,0.4127658392768353,18.231065035797656,10,Urban,49.63455737102777,5.203119867946953,27.89661917835474,TRUE
100,2018,6.437133707106113,41312.84782543193,0.35953955338336524,13.312598541378975,153.52046548186712,Suburban,57.70645444281399,15.18161676870659,41.41058140434325,FALSE
100,2019,3.931509664049372,68280.57468950628,0.43715188298374413,19.922853019088507,79.668744067036,Rural,51.75869260914624,36.54869411094114,43.39436055161059,TRUE
100,2020,9.995855808723718,73142.78805725685,0.39740188759751616,20.01274096313864,61.25629836400356,Urban,59.25652270205319,37.93443054333329,31.002667043358088,FALSE
100,2021,7.552575709763914,48134.02872435161,0.48801882299594584,10.684335958212614,197.66368546486032,Suburban,32.559084123931825,9.032765671145171,30.64303864724934,FALSE
100,2022,6.889496239135042,34170.522300856974,0.39419862469658257,17.89799902588129,111.09369375446948,Suburban,56.90985624678433,30.864456404466182,24.950479343533516,FALSE
