respondent_id,education,age,income,voted_2020,political_interest,volunteer_hours,donations,social_media_political
1,Master's,42,54146.010659629384,Yes,8,3,2417.2121845129122,7.8416122493534886
2,High School,36,25746.070293653178,Yes,9,1,169.08433592030568,1.893127438621276
3,Some College,62,29484.800389553628,No,7,2,15.331180239078538,7.424366912574128
4,High School,81,11927.455789479927,Yes,9,1,0,4.570318055320432
5,High School,77,33049.0683067546,Yes,6,1,62.12196635615675,2.0641976848716053
6,Some College,77,36426.95259793816,No,7,1,132.47144021547737,1.8162204800455573
7,Some College,21,94803.80082561994,Yes,8,1,0,8.744917348002588
8,Some College,56,25927.144673328443,Yes,2,1,0,1.263062783720926
9,High School,71,47512.22451141432,Yes,5,2,0,0.5985266372522897
10,Some College,24,38956.03315317775,Yes,4,1,0,2.3343553786572033
11,Bachelor's,24,39722.95982457595,Yes,1,1,0,1.397569976868352
12,Bachelor's,66,54331.820224570816,No,7,5,0,1.4633542010822314
13,Doctorate,27,123165.46697985716,Yes,2,2,16.48617073199557,6.853128385850868
14,Bachelor's,81,24989.815714966287,No,3,2,0,4.116625292160646
15,High School,24,75036.49663766002,Yes,4,2,0,3.3565867771408335
16,Some College,28,32977.19034066652,Yes,6,1,53.51597893633756,2.2968146251665846
17,Some College,57,25389.431849843793,No,2,5,0,0.9611560754699559
18,Some College,65,83131.19281414805,Yes,9,4,0,6.104604956269895
19,High School,47,23136.947625489378,Yes,6,2,0,8.692520189106958
20,High School,29,28255.86468348456,No,7,5,0,6.369469637315164
21,Some College,84,91737.59758752854,Yes,1,0,0,2.8144524439576286
22,Master's,78,46891.10683861911,Yes,3,2,0,4.574593122579918
23,High School,18,129079.5833263612,Yes,2,1,0,4.486444587113602
24,High School,75,253998.97314936316,Yes,9,0,0,4.003725612869121
25,High School,60,56334.28349832804,Yes,10,1,0,0.881674120547605
26,High School,35,78914.48480740511,Yes,3,0,0,2.271941654103442
27,Some College,73,53518.32498985306,Yes,9,3,0,2.8970270096243125
28,High School,21,35669.64011119618,Yes,6,3,0,9.824765916418503
29,High School,40,32499.819854779824,Yes,5,1,0,5.555575181027523
30,Doctorate,69,95376.32840742444,Yes,8,3,0,2.4984255833050977
31,High School,20,77442.53880500361,Yes,7,1,0,3.797221267944821
32,Some College,38,66368.86975326958,Yes,5,1,131.2519805705083,3.3118243128112597
33,High School,76,85234.11272908543,No,7,2,0,2.3485425549536862
34,Bachelor's,71,25327.330857545927,Yes,5,0,0,12.936560917069226
35,Master's,84,25879.755075677913,Yes,2,1,0,4.037962134925157
36,High School,36,54873.61971069693,Yes,7,4,48.406873046132674,4.338725169732553
37,Some College,66,69161.73797994766,Yes,6,2,0,3.1284419918895074
38,Bachelor's,84,99734.07016444707,No,5,4,0,2.286873816073653
39,Some College,74,121298.31674103792,Yes,7,1,169.75208503673318,1.2953364958885625
40,Bachelor's,66,55775.55839057149,No,9,3,0,1.7789031599347729
41,Master's,35,25825.789637200247,Yes,9,2,33.58309455198397,8.817942872666194
42,Master's,26,24300.736231319992,Yes,9,5,0,4.159390801298146
43,Some College,44,27994.212700120963,Yes,6,5,0,1.5053530583436714
44,Some College,39,115436.17290678264,No,3,3,0,9.929838110209777
45,High School,19,63728.96493950065,Yes,5,1,0,2.6968763953871737
46,High School,74,122267.65348863036,No,7,1,0,2.435062025380938
47,Bachelor's,29,33234.67749878875,No,2,3,0,1.1702615006565478
48,High School,18,48455.93253513071,Yes,4,2,0,1.1096886725811343
49,High School,85,73267.50424324018,Yes,4,0,0,3.609996716701671
50,Some College,83,61939.181533679526,No,6,1,51.032220642566024,3.680809369146299
51,High School,80,24696.298527004907,Yes,10,2,0,2.9289637580052013
52,High School,27,20499.311726520442,Yes,5,3,0,2.405448741248396
53,High School,76,11528.238826060613,No,3,1,0,3.0888476425947866
54,Some College,82,73857.87183649626,No,6,3,0,3.4151576679757145
55,Some College,44,71557.28464614463,Yes,8,3,180.326569784869,7.542552696133503
56,High School,55,49822.84852971245,No,7,2,0,1.6119825938711516
57,Doctorate,20,169516.67167668967,Yes,9,2,102.8726039581743,5.644383811295672
58,Bachelor's,44,59015.279995882694,Yes,9,1,0,5.209579687383949
59,Some College,55,37119.531247752304,No,10,2,0,6.866226326110695
60,Some College,25,100902.3015875652,Yes,4,2,0,6.450773753787175
61,Doctorate,83,91333.10385862645,Yes,3,5,0,1.787295772530772
62,Master's,76,32721.723632451005,Yes,7,2,0,0.36374887033206826
63,Bachelor's,70,52099.823236991855,Yes,5,1,0,2.862582651762605
64,Bachelor's,85,85155.47943840071,No,8,2,0,7.242762381443412
65,High School,82,88470.68679878752,Yes,6,2,0,3.2862392931529185
66,Bachelor's,63,46165.7137623355,No,6,4,353.2965036206227,3.7393906243098916
67,Some College,60,23119.408278551284,Yes,8,2,73.11872622815491,4.113568168209414
68,Some College,60,135466.16700705548,No,2,3,0,4.102470791917308
69,High School,70,54269.85623546324,Yes,7,1,26.688950530474244,3.0416942117861354
70,Bachelor's,48,37841.43660126631,Yes,6,4,0,1.8432238278215534
71,High School,70,41602.85197451788,Yes,5,3,80.68135620067285,5.001503635448565
72,Bachelor's,67,38495.27956633312,Yes,4,4,0,2.4051058293109384
73,High School,66,17945.31944703593,No,8,3,0,3.1781568616210083
74,Bachelor's,18,45116.564954477784,Yes,5,2,0,3.0044258783606694
75,High School,55,90496.61588755163,Yes,9,5,0,0.5933192380655417
76,Bachelor's,22,197040.29232031546,Yes,1,5,0,2.476020638967013
77,Bachelor's,55,36250.558722392234,Yes,6,2,0,4.261157350282646
78,Doctorate,24,44637.296544758974,Yes,6,2,0,3.7969237807604017
79,Bachelor's,60,74171.02016098822,Yes,6,2,0,3.2727734037357026
80,High School,75,45229.36004970141,Yes,8,1,0,4.831025501148461
81,Bachelor's,76,36232.72823895573,Yes,6,2,0,5.595268052135986
82,High School,80,40933.941397668,Yes,3,1,103.36260829830078,12.229517593315538
83,High School,30,57154.921063748174,Yes,2,5,11.349689933257002,6.623322713969906
84,High School,51,13026.70791362465,No,4,4,67.29415966541686,3.6127764558537643
85,High School,72,33999.545374463116,No,9,1,0,1.449576214362853
86,High School,33,54040.138338358025,Yes,4,1,0,0.5417495057110844
87,High School,22,67520.64243114144,Yes,7,2,0,14.892699360607455
88,High School,38,27760.392782094536,Yes,8,2,727.673057902054,5.181683917519437
89,Master's,32,34916.885152620765,No,9,2,0,0.4281808934262623
90,Some College,20,18171.095500841344,No,6,0,0,4.00937130417332
91,Some College,58,66010.53213772093,Yes,3,1,0,10.57602523278801
92,Bachelor's,79,73098.93156764343,No,8,3,0,3.641484516507379
93,High School,18,47825.11877448089,Yes,6,2,0,3.084632172547211
94,Bachelor's,76,50845.923147449,Yes,9,3,0,4.602212328207029
95,High School,18,11075.808459392456,Yes,8,0,0,0.45966117784346006
96,Bachelor's,54,116759.16772866326,Yes,6,2,0,4.346751379111083
97,Bachelor's,66,41682.91293939105,No,8,1,0,2.7221983436035817
98,High School,61,34898.23745153505,Yes,6,2,0,8.881890594328933
99,High School,63,50593.3588827344,Yes,6,2,0,3.397031677492357
100,Bachelor's,63,71779.7489526116,No,7,2,0,4.137375466366872
101,High School,27,128539.21276139056,Yes,2,4,20.34779817235284,1.7069835195434653
102,Bachelor's,80,63127.58290276735,Yes,9,4,0,3.3794963120504113
103,Bachelor's,37,25459.405585219265,Yes,7,3,27.68517860777778,3.9780735924640185
104,Master's,34,47677.05634410213,Yes,7,2,0,1.9453477134140076
105,Master's,50,53332.639058932225,Yes,5,5,0,6.112894080772179
106,Some College,40,55178.306504928645,Yes,5,1,0,5.62612388907179
107,Master's,58,90259.55757007546,Yes,1,1,0,5.821236135598591
108,Some College,83,47449.41410611868,Yes,6,1,16.12960781116098,5.100798423031818
109,Some College,84,31279.15914823731,Yes,7,4,0,6.0741753130153615
110,High School,65,115306.11746913573,Yes,6,0,0,3.6069402134292723
111,Bachelor's,72,259611.56461849125,Yes,6,5,0,8.640190148726449
112,High School,63,41754.36159472303,Yes,7,3,0,4.08284915508729
113,Bachelor's,72,87888.1890377364,Yes,3,1,0,6.688094025345481
114,Some College,81,95724.1598848971,Yes,7,1,44.86708295535973,1.691233455139793
115,Some College,47,86841.15636518513,Yes,9,0,0,7.626855455178012
116,High School,22,39184.99426608403,No,9,4,0,8.452595018545518
117,High School,36,74494.43371389658,Yes,10,1,448.07072304896104,1.7932103120200087
118,High School,21,104402.5011483976,No,6,4,0,4.019689005776293
119,Bachelor's,80,300474.9914568925,No,4,3,0,5.168310744498062
120,Bachelor's,85,63549.837773089836,Yes,5,3,0,6.1663525000055595
121,Master's,58,52193.12056148325,Yes,3,2,0,1.148222286503642
122,Master's,36,28298.707667794948,No,9,1,0,5.943868184928931
123,High School,68,50403.608142948964,Yes,5,3,0,1.8720584153744653
124,Master's,24,76373.1576049242,Yes,8,1,0,2.243946908506515
125,High School,59,74547.7302885432,No,9,0,0,3.0365321659362414
126,Bachelor's,83,29029.516723789435,Yes,7,1,0,6.492840980886382
127,Bachelor's,41,50143.29639853413,No,5,1,107.52833691021608,4.952131103702917
128,Master's,71,26108.519997629122,Yes,4,1,0,3.7751035141182854
129,Some College,39,63807.72309530535,No,8,4,0,3.010236505996883
130,Doctorate,21,52800.42378205446,Yes,4,2,0,2.7270084067239755
131,Doctorate,26,103661.1451814611,Yes,7,2,0,4.794102202258968
132,Bachelor's,44,54729.690623667455,No,6,2,0,1.1128648324718873
133,High School,52,91474.12122809606,Yes,6,2,0,4.00724072019944
134,Some College,36,71255.24265910924,Yes,5,4,0,5.311191755809934
135,High School,38,30041.08810325071,No,8,2,0,3.7420293753319034
136,Bachelor's,36,20434.84082514931,No,2,3,28.89979893783682,2.581710341523732
137,Master's,23,48794.190384004614,No,7,3,0,2.196343411684877
138,Master's,57,186645.65106774817,No,5,3,0,3.0609354813216614
139,Bachelor's,73,79040.93799363186,Yes,3,0,0,2.6397380694826387
140,High School,75,68449.02119483754,Yes,5,5,24.64898986139959,10.303581303628068
141,Some College,21,73396.38062938035,Yes,2,0,16.92815543793955,1.573252866442015
142,Bachelor's,46,108395.73210170148,Yes,6,2,0,2.258874702224168
143,Some College,58,137690.77920065363,Yes,7,3,0,3.905085120089569
144,Bachelor's,22,89174.34918763209,No,2,4,0,3.118716151795933
145,Master's,51,108541.34750525666,Yes,4,5,0,1.9099474799789797
146,Master's,26,93039.10153152571,Yes,7,1,0,2.8933226679922535
147,Master's,84,116103.83241659528,Yes,4,2,72.66992994928029,4.042214081883486
148,Some College,40,100117.78462601552,Yes,7,3,0,4.35491455430297
149,Bachelor's,22,19152.30568763275,Yes,2,1,0,1.8212855243762174
150,High School,67,31850.29696686696,Yes,3,1,0,0.5552560036880814
151,High School,75,43316.52434497001,Yes,7,2,0,5.353194098014552
152,Bachelor's,38,49389.48925190742,Yes,7,2,0,8.80170970730541
153,Bachelor's,44,162397.4920510735,Yes,5,1,0,5.711616920137434
154,Master's,28,63176.37088433521,Yes,7,0,127.31217858516602,2.3366067686269765
155,Some College,47,94819.26981968194,No,5,1,197.02498120951603,0.8338503497328441
156,Bachelor's,33,42491.120500426354,Yes,7,1,0,0.5315543465880644
157,Master's,28,55948.7998541841,Yes,6,0,0,0.3968405166892616
158,Some College,60,44907.65530440087,Yes,9,1,0,5.779799356675582
159,Some College,74,45516.32805482672,No,6,3,0,8.30654222791275
160,Doctorate,55,146304.31330268408,No,7,2,43.475675749926516,8.288013164545209
161,High School,36,60167.08198053963,Yes,2,2,0,0.685865508632339
162,Some College,21,62248.921569325044,No,4,0,0,0.47017495434867146
163,Some College,18,48758.03779219224,Yes,3,1,89.22285431743883,2.5812702943981574
164,Some College,71,34905.1187442955,Yes,9,1,0,5.205205421596932
165,High School,23,44279.14506014809,Yes,3,2,0,6.056469775129466
166,High School,70,24128.495866065623,Yes,5,2,0,5.520363446444026
167,Bachelor's,38,49417.627759422,Yes,4,3,0,4.593467614314785
168,Some College,84,31804.343976842323,Yes,5,0,0,3.640646298493992
169,High School,21,102051.29289858106,Yes,10,1,1788.1676901674882,2.083865848923005
170,Master's,36,123732.63277070293,No,6,0,0,2.0873779626557045
171,Doctorate,30,24773.819514378603,Yes,7,0,0,4.156670398952488
172,Some College,44,23003.952322661233,No,5,2,0,5.26501342758257
173,Bachelor's,71,37375.63471701221,Yes,7,2,0,1.0616018962097038
174,Bachelor's,24,48240.83993736406,Yes,6,3,31.788514388053404,3.3152985999334152
175,Doctorate,18,53993.8867464852,No,8,3,45.139562306096266,1.3504217458060648
176,High School,19,80703.53317224297,Yes,8,2,0,1.819355634072257
177,High School,44,27177.18148591497,Yes,10,1,0,2.218735093055247
178,Bachelor's,42,57968.22308100103,Yes,5,5,0,5.474523891486918
179,High School,70,34079.425596421046,No,8,0,97.62345668491174,1.1524981815738733
180,Master's,20,34836.03197396355,Yes,10,2,0,10.764118438139635
181,Some College,83,69511.13734142348,No,6,3,0,1.433223007059382
182,Some College,81,53864.945757898764,Yes,1,1,0,5.654130234093902
183,High School,27,76535.75048307543,Yes,4,1,0,5.717832881655275
184,Master's,84,30502.50428414809,No,5,0,0,9.815351504520766
185,Doctorate,19,52671.014648927296,No,7,5,0,1.1209000338216284
186,Master's,54,44923.99619320504,No,5,1,0,2.5377037665613975
187,High School,39,92407.29319696268,Yes,7,2,0,3.8252003358966054
188,Bachelor's,18,49169.32401329291,No,4,1,0,3.825482551195664
189,High School,73,30996.124980989927,Yes,4,3,0,11.827886834122108
190,High School,42,76961.12238100552,Yes,4,3,0,3.3308040719550442
191,Bachelor's,24,68525.87490980416,Yes,2,2,0,4.740869008800409
192,Some College,59,81554.21529108864,No,3,5,0,5.295028479624595
193,Bachelor's,51,55387.33092631067,Yes,6,2,58.990709754031535,0.8909831725307448
194,Some College,43,30247.933937427428,Yes,8,3,0,0.47857155903668
195,Bachelor's,79,20507.389763924406,Yes,5,4,0,5.511332259441315
196,High School,74,96771.91161777487,Yes,8,1,0,2.5315374981580243
197,High School,54,87634.20899119093,Yes,3,3,0,5.743633383879085
198,High School,57,51174.0858546243,Yes,3,3,0,6.779799480355808
199,High School,42,11882.9784100778,No,7,2,0,2.737571355049622
200,Bachelor's,40,47193.44335121589,Yes,7,3,0,3.7628512869947017
201,High School,74,81732.42748685573,Yes,8,4,0,1.312728328872116
202,High School,84,37229.962505514384,No,4,0,0,4.668471125499205
203,Bachelor's,75,60280.98848455195,No,7,4,90.76439933071023,4.116384263562362
204,Bachelor's,74,26829.795057385974,Yes,2,1,0,1.6860319797960557
205,High School,75,68045.75969096777,Yes,7,2,0,1.2118867063866283
206,Master's,61,22491.277456384636,No,6,2,0,4.285313357753804
207,Master's,54,35907.760253293316,Yes,2,3,28.88995630937655,1.5321426239571003
208,High School,50,104944.11676460461,Yes,4,1,0,3.3539632730573103
209,High School,58,43760.03302990736,Yes,8,1,0,2.090367756072367
210,High School,81,117284.13795589942,Yes,5,2,0,1.5939693016990044
211,Master's,75,62255.39046600214,Yes,5,3,58.13862064668676,5.1213673083151985
212,Master's,63,104703.25217813099,Yes,7,1,158.67284334338632,5.58754826326597
213,High School,66,48043.01461854991,Yes,6,2,135.66945804513057,2.941540387661706
214,Bachelor's,46,75238.17965527283,No,5,1,1352.3455157702817,1.8866857193253814
215,Master's,31,68853.48259137486,Yes,4,4,1639.6949018297696,3.9609895871486955
216,High School,84,39772.62493230297,No,6,1,0,3.647949423813825
217,High School,57,130273.78373189113,No,1,2,257.328729248045,1.9010589029739149
218,High School,20,85313.071880938907,Yes,5,2,0,5.9965253572765675
219,Some College,28,30486.40796819777,No,7,2,0,11.149517990684659
220,Some College,60,102061.11435669422,No,1,2,0,0.5294547297345857
221,Some College,53,37498.54323364544,Yes,6,0,446.7570806666936,1.2147435382030232
222,Bachelor's,21,10393.653619343673,Yes,6,2,361.17911735503884,10.352675802585217
223,High School,19,43768.516653845756,No,6,3,20.796710313415797,3.78162294285329
224,Some College,43,28675.424310242754,No,7,1,575.8497304797244,4.476878687404186
225,Some College,62,39147.587574067955,Yes,6,3,0,3.6193719480012967
226,Bachelor's,82,34835.78802400876,Yes,6,2,0,3.600008690871788
227,Bachelor's,67,11538.720285679366,Yes,7,2,0,3.882982358820156
228,Bachelor's,28,36975.14538125948,Yes,8,2,0,1.8750193926918168
229,High School,53,89098.7426726923,Yes,8,2,10.912460620870144,8.813808649279393
230,Some College,24,18193.61851333387,Yes,10,0,0,1.9565721765876167
231,Some College,27,119389.1427524821,Yes,4,2,87.08120790037648,4.851237438827405
232,High School,78,125177.55133472983,Yes,9,2,29.07086137354628,2.123022851866455
233,High School,41,28326.865162838025,Yes,8,2,0,4.8021797331230935
234,High School,72,198109.11416226786,Yes,8,4,0,0.6197921272426696
235,Master's,23,25851.638760091657,Yes,10,3,0,3.74820683601773
236,Bachelor's,61,54501.356509926496,Yes,6,4,0,1.5974414192432864
237,Master's,59,39463.00285808477,Yes,4,3,0,4.8884241860423625
238,High School,64,106454.21349874856,No,10,6,0,7.843605771238498
239,Bachelor's,85,23568.857572627203,No,4,1,0,1.136373409750929
240,Master's,25,37896.177848491,Yes,2,0,0,9.726538036623213
241,Bachelor's,59,20469.923670109027,No,5,0,0,1.2562683746665415
242,Bachelor's,43,82677.85120184175,No,4,1,0,4.934449264986071
243,Some College,42,70488.39487701133,Yes,9,3,0,14.14226488065019
244,High School,76,46272.99365571439,Yes,8,5,0,2.120594050418773
245,Bachelor's,34,30865.214374491978,Yes,3,0,0,6.87333483889954
246,High School,62,27884.40499304748,No,5,0,0,1.201645087024885
247,Bachelor's,26,52827.046269142935,No,5,2,0,4.384028796746073
248,Bachelor's,77,21604.24468151025,Yes,8,1,0,4.096061515925797
249,Some College,48,171810.68900504147,No,7,2,0,5.98174549355865
250,Doctorate,29,25811.787326918424,Yes,6,2,0,2.5034183499527707
251,Bachelor's,85,47825.09805550773,Yes,4,3,99.58422178217096,0.5455605566705402
252,Bachelor's,48,34885.26668981161,No,3,2,0,14.615519909934715
253,Doctorate,44,42796.506689775044,Yes,1,2,583.1872894886443,2.920756845901111
254,High School,24,47655.39667078316,No,3,4,0,7.023955154436425
255,Bachelor's,58,69176.47279798934,Yes,10,2,0,3.961889104315297
256,Bachelor's,26,30438.32742676197,Yes,3,1,3607.406721060469,4.972537720023271
257,High School,49,27915.65188361144,No,5,3,0,2.138178894993432
258,High School,58,80218.97651164615,Yes,3,0,0,1.6966169646578249
259,High School,49,167163.85168746923,Yes,9,4,0,5.806133492078975
260,Some College,57,76976.01826198857,No,3,3,0,4.470166114399874
261,High School,28,65280.25382016435,No,5,2,676.9302605943369,1.83467439544883
262,High School,27,55999.59568843488,Yes,6,2,0,4.480139885474116
263,High School,47,52370.215684838215,Yes,9,2,13.082969826303577,13.582867324025337
264,High School,79,15717.103782462382,No,6,0,0,2.3410187091342896
265,Master's,69,70489.31525338633,Yes,6,2,245.15757137384833,0.99559892825184
266,Bachelor's,65,36950.0759661679,Yes,6,2,0,6.33637433739167
267,Some College,39,59798.95009888461,No,6,4,0,4.577019113458129
268,High School,33,123179.43712306001,Yes,6,4,0,0.39667263743553055
269,Bachelor's,69,46011.1761321496,No,4,4,0,5.879024143574714
270,Bachelor's,80,70856.51467927832,No,7,3,0,3.844936290133131
271,Bachelor's,65,32653.709417472022,Yes,8,1,44.403562206677094,6.414727857607564
272,Some College,26,116310.47283992519,Yes,5,1,0,0.6658698530605456
273,High School,82,117818.35365853769,Yes,5,5,0,7.338674480094859
274,Some College,68,79478.62163512548,No,7,2,0,1.082200423531365
275,Doctorate,57,80693.4993677223,Yes,8,3,0,4.376823764339531
276,Some College,42,59738.52909032515,Yes,5,2,59.958036549225874,1.9461169375294376
277,Some College,73,62702.399230569434,No,10,2,214.21515411233648,2.9830552910538075
278,High School,39,67516.6765513383,Yes,6,3,0,1.577913897549921
279,Some College,51,45147.564191527046,Yes,9,1,0,1.452880228118716
280,High School,53,35917.42773532321,Yes,3,3,0,12.608578003683702
281,Some College,49,41673.72506176251,Yes,10,2,0,3.6293122347956324
282,Bachelor's,33,68699.40572876883,No,3,0,85.78741391895723,9.677063534602832
283,Some College,46,39674.36503357231,No,3,5,0,4.970533346387292
284,Bachelor's,72,15739.806874174958,Yes,5,1,0,1.8083174761908347
285,Some College,39,77915.82927661287,No,1,2,79.32486479465659,4.696326978738245
286,Bachelor's,37,57593.846469753895,No,9,1,0,6.136648692005997
287,Some College,75,33326.097250777064,Yes,8,1,0,5.0018146946717765
288,Bachelor's,27,43440.184684597145,Yes,4,0,14.470768911794668,1.1073346459909437
289,Some College,31,63745.497696463106,Yes,4,2,0,5.812694283241494
290,Some College,83,134181.50668132716,Yes,5,0,66.86162929159147,1.0124097118322684
291,Bachelor's,62,95075.12101125681,No,5,1,0,2.403269666672647
292,Some College,21,34752.06675493406,Yes,5,1,0,3.745833395552796
293,Master's,22,219485.54587360672,No,4,1,0,4.4192233959873874
294,Some College,35,108882.25621330176,No,8,4,53.92641083268307,4.0067503977437875
295,High School,55,67045.33522051491,No,10,1,74.99758984935463,1.6780193404859516
296,Some College,59,62787.72640928815,No,1,3,0,2.6542477889303044
297,Doctorate,40,37154.441416545174,Yes,9,4,47.47438420868164,1.0596447530910622
298,Master's,43,69218.09364575303,No,5,1,6.4463115154327095,4.421835382342021
299,Bachelor's,46,74510.93757558693,Yes,5,1,0,1.4312459788029888
300,Some College,72,46473.73807097027,No,8,3,0,1.1209939543321898
301,Some College,47,65967.43085037617,No,5,1,127.632924303977,2.555973595647482
302,Bachelor's,72,29779.836104316793,No,8,4,0,1.8490072091538823
303,Bachelor's,22,101016.10211985138,Yes,9,5,0,3.2312054150684935
304,Master's,33,47375.918723469,Yes,9,2,0,2.453533215215328
305,High School,75,16698.061183711437,No,5,2,64.36941689645798,5.603384695741082
306,Bachelor's,22,38049.93857627558,Yes,2,2,0,6.528204800929923
307,Bachelor's,19,58875.59130903992,Yes,2,2,0,3.867134280626528
308,Some College,48,71994.48753840358,Yes,3,3,1379.7109812523277,2.299905579858337
309,Master's,67,24992.13670225225,No,3,1,704.0661648558864,6.747995400951896
310,Bachelor's,40,51738.13884827516,Yes,5,3,0,2.3650828367218675
311,Doctorate,57,47062.39926264167,Yes,4,1,0,4.435495676856415
312,High School,84,37569.36217674002,Yes,7,4,0,3.29555292690145
313,High School,77,28275.396949322218,Yes,6,1,230.10096476326586,0.3292213601849847
314,Some College,24,22119.726202208243,Yes,4,2,26.57644170728351,3.712335998749677
315,Some College,44,57310.47978854281,Yes,2,3,0,2.479652723847005
316,High School,25,25708.12827156696,No,6,0,280.63103249393805,1.9971296529211986
317,High School,23,31086.83469134543,Yes,7,4,0,3.6319931634703124
318,Master's,75,79640.36911627608,Yes,9,1,0,2.1770395586496445
319,Bachelor's,82,36708.67495449563,Yes,8,2,0,5.293257053609972
320,Some College,32,60228.22970807513,Yes,6,1,0,3.139817690532591
321,Some College,25,92587.69627987109,Yes,6,4,7.603951359924877,2.0560819680724154
322,Some College,49,56634.03281429678,Yes,5,3,62.61649547326183,6.783055288060799
323,Bachelor's,47,52390.569617726134,Yes,9,2,0,9.309177734635993
324,Bachelor's,35,34852.99775423609,No,4,0,0,8.063980900468861
325,Some College,81,31605.205503893198,Yes,4,1,0,2.065783389861941
326,High School,27,29752.111423759008,Yes,9,3,0,1.8221610131041552
327,Doctorate,37,61857.58327479608,Yes,6,0,398.4490174920327,2.398099754996463
328,Master's,55,16358.278295985763,No,10,2,0,1.1639500905400835
329,High School,39,64313.16174856885,No,4,4,0,1.4201712384090803
330,Bachelor's,25,24676.782230637364,Yes,5,2,7.137104753476803,1.3640053326026365
331,Bachelor's,52,55408.1710493677,No,6,1,0,1.22141603671292
332,Doctorate,61,106875.48998200695,Yes,9,4,354.2799441700737,3.336655999767995
333,Some College,22,68112.43317122929,Yes,5,3,0,5.078158523891119
334,Some College,27,42467.23766697838,No,10,1,30.761795797417403,0.6365956534727831
335,Some College,42,60393.57566453438,Yes,9,2,131.2458515975586,6.4340211483957646
336,Doctorate,21,18504.473256015684,Yes,9,1,22.912032137634924,4.030981154515666
337,Bachelor's,30,35888.820217366985,No,3,1,0,4.594335268517465
338,Some College,73,42556.09645535008,Yes,3,0,0,1.0476603399221611
339,Some College,73,10009.03100931928,Yes,7,1,0,2.211235243309626
340,High School,63,144180.2332204621,Yes,4,2,0,0.7570440230756781
341,Bachelor's,76,60895.28774265154,No,5,1,0,3.662199069905977
342,Master's,67,93768.33917293178,Yes,6,0,0,2.441680512181696
343,Some College,19,49380.92787910199,Yes,6,1,65.30407842820397,3.8089883369000352
344,Master's,35,66841.43783319632,Yes,3,2,0,0.7138640381915907
345,Bachelor's,48,157086.7741558422,No,9,1,5.992736545711657,2.117250651614779
346,High School,57,50818.80725292488,No,5,0,0,1.1250469394483258
347,Master's,55,60278.991788879655,No,6,3,13.667673632303181,2.53040003120167
348,Bachelor's,60,69334.37980130379,Yes,4,2,112.18351992110541,3.2396956699751933
349,Some College,58,62836.26901270511,Yes,10,3,0,2.0244608027880497
350,High School,57,73454.63502722539,No,7,3,0,2.6300738849646534
351,Bachelor's,43,43399.81368956879,No,4,2,0,2.757559607000126
352,Bachelor's,33,41470.12842985124,Yes,6,1,0,1.5316383410369698
353,Master's,70,24979.348032803435,Yes,3,5,0,2.410106962516422
354,High School,84,40913.38004159743,Yes,3,5,0,1.9768676573019162
355,Some College,51,38938.0602997572,No,7,1,0,4.9978133721978955
356,Master's,83,35383.94156471901,No,7,2,272.0854983996783,5.285674690411981
357,Some College,35,67777.47298880995,Yes,6,1,0,0.6867501638701126
358,Master's,78,59652.83427432648,No,6,4,147.8895028398917,11.934781178211269
359,Some College,58,26101.081775589017,Yes,9,2,0,0.35508046365501866
360,High School,62,38760.623159519884,Yes,3,0,0,1.7890051944481928
361,High School,82,58299.09464189505,No,4,3,0,2.0708714736847225
362,Bachelor's,40,61625.0579079362,Yes,8,0,14.71404869462922,6.9503210594952005
363,Some College,31,53543.91178073746,No,7,1,78.10492678547615,1.693124051540168
364,Bachelor's,39,34754.11306855068,No,6,4,0,7.358278075015144
365,High School,78,136666.97042019706,No,4,3,0,1.58109736699659
366,High School,82,65827.23920581944,No,3,0,0,18.547516347651765
367,High School,59,34696.49418009456,No,8,2,0,0.8530034831067677
368,Bachelor's,24,105462.50498646041,Yes,8,4,0,8.623261923106336
369,Some College,25,38926.64143226787,Yes,9,1,0,2.4109913729322034
370,Bachelor's,39,137755.05679612234,Yes,5,1,0,3.553683721398478
371,Master's,34,50908.73517905804,Yes,9,3,103.67690441380039,2.0986970873817667
372,Some College,79,26543.572752583474,Yes,9,4,0,2.2849439668525737
373,High School,59,65192.17953236,Yes,9,1,16.506160354439196,9.542763033913735
374,High School,53,104868.9738069108,Yes,7,1,0,6.428395185031055
375,Master's,75,30813.321392097758,No,5,2,763.5625092769936,1.403644314591604
376,Bachelor's,63,26828.261934511203,Yes,3,0,0,2.6075724575995824
377,High School,62,59194.36793349144,Yes,1,2,0,12.297644312938976
378,High School,57,16596.14164130445,Yes,5,1,0,2.0881728056326185
379,High School,32,41068.327225838344,No,9,5,0,9.552341420747004
380,Bachelor's,30,35403.97699503251,Yes,8,0,0,1.3349337128444176
381,High School,75,74277.40291975361,Yes,4,0,0,0.937816877702178
382,High School,28,16542.884533621014,Yes,4,2,0,1.2775416366621966
383,Bachelor's,55,20051.37494867695,Yes,7,0,0,2.699244957674294
384,Some College,58,42632.35326001924,Yes,6,1,0,3.7872811632531067
385,Bachelor's,79,29292.774669864306,No,6,0,0,3.0120162528353656
386,High School,45,62614.436019855464,Yes,7,1,0,1.7330522069169971
387,Some College,83,42515.75673424613,Yes,7,1,0,1.729199100215827
388,Some College,62,35492.015740309165,No,7,2,28.01221944663352,3.481909324212986
389,Bachelor's,43,119408.18259187964,Yes,7,2,0,5.469157744717803
390,Some College,27,14436.744801787609,Yes,2,0,24.63524613450341,4.5533997750704716
391,Bachelor's,75,210423.739020022,Yes,6,1,83.16909742023135,3.9984102990073302
392,High School,49,57407.37549966139,No,6,1,211.43686817566606,5.411202128040873
393,Some College,68,32326.494038255252,Yes,8,1,0,1.1739176033450427
394,Master's,79,25773.71090571455,Yes,5,5,0,2.7033491295451046
395,High School,47,26371.836427722294,Yes,3,4,0,1.1582734976303795
396,Master's,73,76808.23800792031,Yes,5,3,0,8.380602265509006
397,High School,82,91986.04933767156,Yes,2,1,0,3.7306407252581866
398,Master's,25,32871.90012870483,No,10,3,0,7.6524344617460685
399,Master's,58,97806.21877628157,Yes,7,2,294.6531140108206,5.9858594928072355
400,Some College,64,57261.09197574921,Yes,1,2,105.35633558734746,0.1756696124179901
401,High School,63,34345.27484645614,No,2,2,0,2.0714660249819086
402,Doctorate,59,111117.16968236447,Yes,4,1,519.3891520911219,2.8315376351341834
403,Master's,28,78658.767980985,Yes,6,0,0,3.247728324679004
404,Some College,61,23754.086117281884,Yes,4,0,0,7.395461384791036
405,Master's,32,82847.55796858064,Yes,6,0,64.34758701176133,4.321182607026025
406,Some College,25,111525.27453356044,Yes,6,1,0,8.270704159647222
407,Master's,45,44010.971851430986,No,7,3,0,15.87233615250068
408,Bachelor's,78,35061.21230971,No,6,2,31.89887516267574,4.451323259018577
409,Bachelor's,35,80754.49701560549,Yes,10,0,0,3.9303549322074955
410,High School,52,126657.67459105015,Yes,2,2,0,8.871810147842009
411,Some College,61,38171.58631805533,Yes,6,3,0,3.686963763372599
412,Some College,83,64991.976943689915,No,10,1,0,1.9101730625485165
413,Some College,26,148077.29726179535,No,1,2,0,1.2280499126153377
414,Bachelor's,38,43222.0649174334,No,2,0,121.36842658667312,7.186645074013533
415,High School,41,40241.819829156106,No,9,2,0,3.1812009049116967
416,Master's,66,33400.21584808562,Yes,5,0,55.84098263527756,11.538899188062784
417,Some College,19,26112.672371502857,No,9,2,0,8.559591170201951
418,Some College,37,22159.623509714704,No,8,0,0,4.199184624193952
419,Some College,82,71378.17770799356,No,5,4,0,2.2204971928016124
420,High School,51,41963.56105941039,Yes,10,1,0,6.156136515372507
421,Bachelor's,39,21405.84225332338,No,4,1,362.9560947893663,5.960198875275519
422,High School,62,68011.61555885368,No,9,1,0,1.8224151008548348
423,Bachelor's,47,34789.23847311176,No,5,2,0,2.8914505859492032
424,Master's,67,17885.579082693566,Yes,6,1,0,2.7445852849635983
425,Bachelor's,78,33518.53687829213,Yes,7,2,95.18722318085503,8.769596853899884
426,Some College,57,26322.21615363392,No,7,3,0,2.2321605089948613
427,Some College,85,47655.277218882155,Yes,7,3,0,7.464661643385572
428,Bachelor's,49,78333.1913089621,Yes,10,2,0,5.444180782524006
429,Bachelor's,32,90685.31298294038,Yes,8,1,0,0.7359302676957282
430,High School,44,66968.75756478429,Yes,10,1,0,5.397944112945659
431,High School,53,31433.62843240622,Yes,7,1,0,3.1375843394887872
432,High School,65,66859.31488714325,Yes,8,5,0,2.104666836011472
433,Some College,55,26160.01584000076,Yes,5,4,2.4954823302330897,0.41027556758799516
434,Some College,46,76544.86178140219,Yes,6,1,0,4.234385711295638
435,Bachelor's,85,45314.216517530265,No,3,3,0,1.3192445080600703
436,Some College,72,39179.36453197347,No,9,1,17.423351303127365,1.8729534846956362
437,Some College,34,72216.31764886086,Yes,9,0,0,0.6133635889836254
438,Master's,33,61866.855837950614,Yes,3,2,0,1.2738544776429899
439,High School,36,15766.883778471443,Yes,8,1,0,10.482372248275697
440,Doctorate,29,15184.018656555474,Yes,5,3,32.40179483355983,10.335008272092477
441,High School,29,172598.03851811076,No,9,2,0,11.930617964049452
442,High School,84,55912.02734268677,Yes,9,1,0,0.172613712133285
443,Bachelor's,20,112540.18489566985,Yes,2,1,0,1.4559837277524879
444,Bachelor's,79,117489.16383265953,Yes,10,3,180.99250815141102,1.6750304426189322
445,High School,40,47989.09619481392,No,8,1,106.6060738899994,5.051157601206307
446,High School,37,22890.95112518339,No,5,1,0,2.255762346262775
447,Some College,56,21250.67781020777,No,6,4,0,4.04469668970041
448,Some College,37,11783.709676858825,Yes,3,1,0,4.811510074943729
449,High School,79,128507.90140114154,Yes,2,1,52.99303074494567,5.70477130872218
450,Master's,46,47841.584611210405,Yes,6,5,83.0517761005772,4.529133415022447
451,High School,54,84404.65042084488,Yes,8,1,38.397102363368234,3.2739369538849674
452,Bachelor's,43,44215.73226953024,Yes,3,2,0,2.343426461718965
453,Bachelor's,73,106563.1931447999,No,7,2,183.22404707203034,4.672221514924823
454,Some College,19,59799.53409156396,Yes,3,2,0,1.2133981145102775
455,High School,49,60193.20940190275,Yes,2,0,0,1.708933969917736
456,Doctorate,52,42450.911624804714,Yes,5,1,33.27676121567959,4.11002664768411
457,Bachelor's,78,47428.9354687869,Yes,6,1,0,0.7095710824796271
458,High School,48,87143.09111503501,No,3,1,0,4.639386234369743
459,High School,19,9892.128400747612,Yes,3,2,15.83467351809442,3.488338928089442
460,Bachelor's,71,29925.768883544588,Yes,6,1,0,11.427827645074688
461,High School,34,25780.065278001788,Yes,1,1,0,2.3646829246617607
462,High School,34,39491.891785437976,No,3,2,180.51467044719323,11.386295102316788
463,High School,73,27353.6457440497,Yes,9,1,0,7.460004898240892
464,High School,39,75286.873017941,No,9,3,280.8902314357199,6.951744206337347
465,High School,58,107345.18785718239,Yes,9,1,0,0.46798627438565743
466,High School,79,87204.2061241183,Yes,9,0,0,1.3579097482142888
467,Some College,35,95902.56601212942,Yes,6,1,0,3.2035298887797965
468,Master's,53,83305.00660121239,Yes,5,1,0,4.04744288114399
469,High School,54,84078.50780432123,No,6,2,0,4.919065667976372
470,High School,28,27694.88235782558,Yes,4,1,0,1.425744454429664
471,High School,39,17109.48149999495,Yes,5,2,0,2.684111984413822
472,Master's,34,181314.79510419437,Yes,5,1,0,4.294809912074171
473,Master's,80,34699.267129380045,No,5,2,0,1.3992184157300291
474,Some College,37,137178.40316195705,No,3,1,0,4.03102248461624
475,Some College,72,18916.45765145366,Yes,1,3,0,3.776126004869794
476,Some College,62,45537.94106103206,Yes,1,2,274.198016761971,1.939133733149611
477,High School,81,46243.06249915462,Yes,7,1,0,6.2391935408130665
478,Bachelor's,22,55301.25747329861,Yes,10,3,0,3.814480701704747
479,Master's,38,28207.789717738153,No,5,0,0,1.0551337386642405
480,Bachelor's,30,41281.284918113386,Yes,9,2,0,14.860803644747069
481,Bachelor's,19,81331.48890161411,No,7,3,16.371018886180263,5.410678087615548
482,Some College,78,48302.870605878416,Yes,2,3,0,3.068495330730793
483,Bachelor's,47,35554.21990166435,Yes,10,2,0,5.108976971321688
484,Some College,69,37849.42159800769,Yes,6,2,0,3.997661655244013
485,Some College,32,223583.3975311725,Yes,9,1,0,1.9944767172711608
486,High School,35,33218.24092779169,Yes,7,2,9.530634464731913,2.384765156751835
487,Some College,68,73364.3112706045,Yes,7,3,0,3.242799270423109
488,Bachelor's,76,107990.8654514409,No,6,2,0,12.183662344811532
489,Bachelor's,78,26324.79689885293,Yes,6,0,0,0.09627743649333564
490,Master's,22,40135.642493947074,No,3,5,218.58650959113064,1.2298697829539502
491,Bachelor's,41,64136.93584873781,No,8,2,0,2.3857161707899937
492,Bachelor's,51,103657.40778733476,No,5,0,0,4.69806998450127
493,Some College,48,98903.19447873502,No,7,2,0,4.0619480949265805
494,Some College,62,48035.95766390538,Yes,8,0,0,3.842740058700157
495,Master's,76,62214.309744825245,Yes,4,4,378.07623165863566,4.21287737554998
496,Bachelor's,31,56196.29637883017,No,6,1,0,9.377770328527655
497,Bachelor's,65,58614.66359907819,Yes,7,6,0,0.704023537885854
498,Master's,60,44635.533105420844,Yes,3,3,30.097598635430334,7.912329562099932
499,Master's,20,16403.713354063108,Yes,7,4,0,4.715542983894781
500,High School,62,42459.38161330169,Yes,5,2,87.57024921241391,1.7407274536191437
501,High School,67,59433.8349766226,Yes,9,2,0,0.887717207655929
502,High School,42,62859.12223116102,Yes,2,2,18.886071262463638,2.9906019433556477
503,Doctorate,69,49115.13738614907,Yes,4,3,65.5489713938244,2.833923406943014
504,Master's,35,63899.43026055135,Yes,8,1,29.226981638720034,6.16627558813151
505,Some College,53,43146.89574110441,Yes,3,5,0,6.180393985015904
506,High School,53,17709.68604183417,Yes,4,2,1853.0256026299824,3.0343729533075487
507,Bachelor's,56,44684.31887942902,Yes,1,1,0,2.114491996421169
508,Master's,72,46244.889040943315,Yes,6,3,274.6806127484146,2.4209803702952
509,High School,19,12007.285288706935,No,5,1,9.4296407971972,4.9940501995357165
510,Doctorate,53,86435.59158698992,Yes,1,2,0,2.705973860498682
511,Bachelor's,23,25763.362896440747,No,9,0,7.2263854674998,6.129715891895626
512,High School,46,72205.7965794635,No,5,2,0,4.872684516028435
513,Bachelor's,28,57824.07239648928,Yes,4,0,0,5.621638849727385
514,Some College,66,27915.8736914337,Yes,8,1,108.85049299669983,2.0634562574659068
515,Master's,62,57808.76477483595,No,5,1,0,6.373481528376059
516,Master's,56,107500.70551367017,Yes,8,3,0,4.854331629928493
517,Some College,32,55828.85544826402,No,6,0,20.920688381854685,2.2267191167411724
518,Some College,19,42058.52553842126,Yes,7,4,31.68624816730437,3.893109719249683
519,High School,69,51210.8154532102,Yes,9,2,357.8895917708159,3.684897080940583
520,Some College,52,41356.06620655827,Yes,3,2,38.52277584348542,5.547582299972618
521,Some College,44,19315.731735818197,No,9,4,0,2.3253412058392864
522,High School,24,55065.36593614299,Yes,2,1,56.92094349507288,4.034634993161675
523,High School,32,28716.783736762143,No,8,0,0,1.047308269187815
524,Doctorate,72,19411.910718061736,Yes,9,3,337.91603155755666,1.4435490325250724
525,High School,64,15572.909078765839,No,4,0,0,7.1971993805001295
526,High School,83,39837.18494779897,No,1,0,0,2.127811174679555
527,Master's,77,73159.64753770643,No,4,2,590.5843828803634,10.644633022768401
528,Bachelor's,82,20076.172018933757,No,5,0,0,2.2861289436362617
529,Some College,24,32141.752287310774,Yes,3,1,0,3.8420235198001675
530,High School,52,65416.4857470553,Yes,5,1,243.48845174675517,0.8853385092520593
531,Bachelor's,63,23087.560820806004,Yes,7,0,0,7.318275304915193
532,Some College,67,123309.96317504099,No,7,2,0,9.053067800372844
533,Master's,78,30693.59047334686,Yes,8,2,0,1.1945121766159632
534,Master's,41,37750.060677852096,Yes,3,1,6.496480759236446,1.0900087746723848
535,Bachelor's,49,103151.78714581157,Yes,9,3,0,3.3051872815931853
536,Doctorate,81,69214.24905342967,Yes,3,0,0,3.3142833913973
537,High School,33,83540.95432602058,Yes,1,0,0,5.405032051007262
538,High School,33,25081.77625683331,Yes,6,1,15.71733897890215,0.6813640983956792
539,Master's,32,94635.90811419024,Yes,7,1,404.6136075877422,3.257389478693343
540,Doctorate,71,49771.034941591875,No,3,3,0,0.32622304873935076
541,High School,41,66803.34114925133,Yes,6,2,0,5.1698547038809215
542,Some College,65,50775.32839506957,No,6,3,43.6629420841835,1.3382925483594912
543,Some College,46,44938.99626215818,Yes,7,2,0,6.778686787192528
544,High School,73,177894.65867700116,No,8,3,0,6.378236975345782
545,High School,35,22346.189370243897,Yes,4,1,0,3.134843192109577
546,Master's,25,117862.93555949167,Yes,3,2,0,4.334040975342725
547,High School,37,40848.90621427302,Yes,8,1,271.47775013515337,4.774179218767832
548,Master's,82,32110.482937819303,No,6,2,0,3.4614116305915252
549,Some College,70,75748.68233031209,Yes,3,3,0,0.502381572504678
550,High School,68,39037.26039863559,Yes,1,1,0,2.982791518489764
551,High School,42,86452.49878597386,No,9,3,0,2.5611664441726383
552,High School,20,28137.954542286796,Yes,10,3,9.394126262363164,9.018408374958806
553,High School,33,26280.942768451834,No,4,1,77.87365234909305,6.58481500785354
554,Some College,67,107322.49597085296,Yes,2,3,0,5.180787617251622
555,Some College,67,77988.21785532095,Yes,8,1,135.2377099892473,4.445327141918813
556,Some College,76,45213.52561608192,Yes,9,3,0,1.3230081737417358
557,High School,70,67645.73735972853,Yes,1,1,0,0.7685361563417272
558,Bachelor's,27,51662.58127205205,Yes,8,1,1012.6249148902625,1.8427286643537248
559,High School,49,52360.3748301235,Yes,10,1,1472.963035964791,1.4665893485151467
560,High School,38,37320.683973377774,Yes,4,2,0,4.258847534976179
561,Master's,62,58789.938931134275,Yes,9,6,0,1.759074088600363
562,Master's,75,46532.07786228741,Yes,3,0,0,1.637504702025596
563,Bachelor's,34,107562.58984563318,No,4,7,0,2.310758821522015
564,Master's,64,18206.514512207665,No,1,0,0,5.875484707826464
565,High School,48,74329.89788690503,No,6,2,0,0.903388403102722
566,Bachelor's,60,35761.54092653154,No,7,2,367.0075491800396,3.983055320172668
567,Bachelor's,67,36028.346464233415,No,9,0,14.97719686219994,2.236623936970208
568,Master's,36,48517.75575349443,No,4,1,0,3.962328749958207
569,Bachelor's,64,115143.2753912275,No,6,3,0,10.748507906736643
570,High School,62,21266.170577757905,No,7,1,0,6.2059419434789005
571,High School,77,29003.280773481394,Yes,7,1,0,4.050372630481568
572,Bachelor's,34,43785.38544735716,Yes,7,1,0,1.1514985087488279
573,High School,29,55458.949190883075,No,1,1,0,1.13860059324767
574,Some College,49,56153.286692837064,Yes,3,3,0,3.802972461561409
575,Bachelor's,74,162917.6875849829,Yes,7,1,456.31598938819985,2.2004396791508474
576,Some College,76,57254.71086660632,Yes,8,2,118.69319178638031,3.201356169484273
577,Some College,36,47966.90907654144,Yes,9,3,0,5.339201037120127
578,Bachelor's,61,55684.61654530603,No,9,4,20.915121099358284,2.8514920772695644
579,High School,70,29153.6607371705,No,9,0,0,6.237937627975167
580,High School,50,77803.69863063429,Yes,2,0,81.04826977185796,2.837541975084539
581,Some College,37,31972.397961001512,Yes,7,0,0,2.341171671888556
582,Bachelor's,38,28644.626108307217,No,7,3,0,4.679868645550058
583,High School,83,64685.727265639696,Yes,5,1,0,3.564134338068772
584,High School,18,69986.66134110665,Yes,6,3,17.259455204590374,7.0240352889125175
585,Doctorate,31,19408.818901730298,Yes,8,2,0,9.790415009637538
586,High School,46,112020.68767544875,Yes,3,4,0,0.5305511103511981
587,Some College,31,14847.475849475366,No,1,3,0,2.5418997334482674
588,Master's,59,92045.42693503825,No,3,4,0,1.6206731583971186
589,High School,35,52040.8271016289,Yes,4,4,0,2.652321615597828
590,High School,78,101312.98750170565,No,7,1,0,2.834272324170975
591,Bachelor's,82,70481.31965850368,Yes,5,2,0,1.1896218698769874
592,High School,43,121447.16644464918,No,10,2,0,8.737705280747072
593,High School,60,49967.28042493633,No,3,0,0,0.7697435276050626
594,High School,60,83512.5579658162,Yes,5,2,0,4.302596922800353
595,High School,59,25771.040706143358,Yes,6,2,0,4.108250504008772
596,High School,39,46857.23645451059,No,4,5,0,3.2625643719536175
597,Some College,84,116443.26294414263,No,5,3,0,1.2672033998179246
598,High School,80,76467.06418660627,Yes,5,3,0,11.4132710268658
599,High School,41,20454.057559686524,Yes,10,1,0,7.7537949189816
600,Master's,45,34871.02137021352,No,1,1,0,1.4891120227261987
601,Some College,51,53990.91166311964,Yes,6,1,0,2.737742328616869
602,Bachelor's,44,29684.87159421119,Yes,9,2,0,5.02403918793021
603,Some College,38,31491.06041024763,No,3,2,0,4.095907015580715
604,Master's,58,138131.0262279465,Yes,7,1,12.658626179564477,2.5330131807003027
605,Bachelor's,69,26252.869353892307,Yes,1,4,0,2.61367625577078
606,Doctorate,60,56985.596697656,Yes,7,3,0,3.309545087602016
607,High School,79,82927.94401107094,No,6,2,0,3.8553640370438744
608,Bachelor's,63,56609.930435556555,Yes,4,3,0,3.1719852635052592
609,Some College,31,44940.26915628614,Yes,5,3,0,5.45145783261045
610,Bachelor's,30,74577.22029983999,Yes,8,1,1734.1795352375623,1.4572677058319699
611,Bachelor's,84,37380.97922166539,No,7,0,0,4.801201540709255
612,Bachelor's,31,128998.58890395686,Yes,9,1,0,9.638203301369808
613,Doctorate,35,35222.84088214518,Yes,10,4,0,4.0021025114342494
614,Master's,22,24897.59809604971,No,3,3,0,7.953008549617667
615,Some College,84,6777.320401498455,Yes,7,1,0,6.275771266390695
616,Bachelor's,44,59014.27061749819,No,8,2,245.97187255257455,3.6432470592924266
617,Doctorate,55,27267.80225345271,Yes,5,2,0,4.082023909612137
618,High School,67,51590.25764835151,No,8,1,0,4.024406431270638
619,High School,84,19597.09941948614,No,7,1,0,4.63419788671369
620,Bachelor's,32,89573.84666335961,No,1,0,2001.3259316878962,6.786677588302362
621,Master's,66,43651.94914691321,Yes,5,1,0,3.9556882323089746
622,Some College,19,97521.74981451136,Yes,6,2,30.381195754498602,4.618105404275283
623,Master's,19,68085.47053561412,Yes,4,1,0,2.0683957171890452
624,High School,75,87763.13617457572,No,3,2,440.868443075907,0.9111070846349264
625,Some College,84,69880.36587072031,No,7,3,78.3586606128391,3.456471228955683
626,Some College,62,56748.58236435804,Yes,8,2,0,1.3661214203747831
627,Doctorate,39,124210.0495126736,Yes,7,1,0,2.888433121084285
628,Master's,20,38554.90317416132,Yes,6,5,0,12.202788057511992
629,Master's,54,22950.003917273712,No,6,1,592.483601198393,2.856612618073269
630,Bachelor's,38,168265.0837556118,No,5,7,0,3.9186462394065997
631,Master's,55,42248.133376833626,Yes,1,7,0,0.7511606310895714
632,Bachelor's,50,88585.31579534725,No,4,6,0,2.553253107851395
633,Master's,64,41605.120949296565,No,5,3,0,0.9003500198673289
634,High School,73,58380.39938455575,No,4,0,0,1.96787112343711
635,High School,58,68575.98850870098,Yes,6,2,1977.7395864001523,2.214213295378955
636,High School,52,16143.628741568926,No,5,2,0,1.1804031646709574
637,Some College,41,60982.76021500523,No,5,0,0,3.146838396583845
638,Master's,22,28385.194688110565,Yes,3,1,0,1.8466803566119112
639,Master's,66,156681.60177812478,No,5,3,0,6.042044849175019
640,Bachelor's,32,75246.20652907183,Yes,5,2,0,2.7500212510361637
641,High School,33,104071.10252941411,Yes,2,3,0,1.1123550030089733
642,Bachelor's,29,42329.52634499278,No,6,2,0,4.095389235184604
643,Master's,55,52571.96745216038,No,3,2,34.156700631762675,1.5055346023786895
644,High School,35,61030.94418672682,No,7,3,0,1.2247019161466686
645,High School,48,62792.78315838163,Yes,5,0,0,2.5415583268811193
646,Some College,47,28137.364850358746,Yes,7,3,0,4.87669857058596
647,High School,56,43623.22090320515,Yes,4,4,0,2.932281649420795
648,Bachelor's,79,23976.0503536178,Yes,7,2,319.5242779162784,3.141477696173215
649,Bachelor's,26,120653.92321037003,No,4,5,0,4.572946776374391
650,Bachelor's,42,43645.22679282517,Yes,6,3,0,3.0160775885278945
651,High School,18,76300.07051610269,Yes,8,2,0,2.4850646053644274
652,High School,58,45801.036067137866,No,3,2,0,2.580912007657437
653,High School,79,79328.03447165522,Yes,5,1,68.75399378079491,8.112533003640587
654,High School,63,62250.37555055816,Yes,5,3,0,2.70124522631701
655,Master's,43,93674.35476665632,Yes,6,2,216.5170811237693,4.215326565245222
656,High School,71,86303.3753185339,Yes,8,2,44.50784926208465,5.715928495467118
657,Bachelor's,50,66880.89740960656,No,8,5,23.171054798080743,2.5808659376272103
658,Bachelor's,67,39349.11062186377,Yes,9,2,0,4.522209472700283
659,Master's,35,38282.487205473495,Yes,3,1,86.58586578815206,3.369789387440168
660,High School,33,70038.845195166,No,9,2,246.62183396953958,3.6365044645460554
661,Some College,23,30985.47254018975,No,7,3,0,3.9987126024001776
662,Bachelor's,34,100249.80418777063,Yes,4,2,0,5.548539116210993
663,High School,32,72939.7368972213,No,4,0,0,3.9990536955947182
664,Bachelor's,71,67249.19842273608,No,6,2,0,3.568751216534249
665,High School,51,52182.98413727741,Yes,3,1,0,0.684435716680197
666,Some College,74,89496.27649595316,No,6,3,68.82844330830382,2.7920499216838484
667,Some College,54,60222.38676796775,Yes,7,0,10.164761878749273,3.495322955989883
668,Bachelor's,57,45984.016464102664,Yes,7,2,200.44837603819494,2.3464360415496865
669,Bachelor's,69,41109.38022959974,Yes,7,2,0,1.6342036050104674
670,Some College,44,46559.79038259816,Yes,9,1,0,2.300011230752049
671,Master's,59,85469.39352391691,No,7,1,0,6.0867987104177335
672,High School,19,56752.04618439252,Yes,3,3,0,0.6242005358100207
673,Some College,42,37291.116290478196,Yes,7,1,56.69550709285662,1.8819187539910247
674,Some College,48,43807.27284839265,Yes,6,1,0,4.797668906810386
675,High School,21,12607.29402536404,No,4,1,0,1.4508198609376246
676,Some College,23,59037.35452862875,No,5,5,0,5.027779486061218
677,High School,40,89685.82823271897,No,8,1,382.12680359067633,2.6966451233377935
678,Some College,54,25281.33683310852,Yes,8,0,0,7.115351116864444
679,Master's,44,52967.16992996832,No,5,2,0,8.893203193476536
680,Bachelor's,85,37367.941726101955,Yes,4,5,0,0.45418713651960513
681,High School,62,31155.275515623758,No,10,5,228.83157620347572,4.0838591577794014
682,High School,78,52705.8743926724,Yes,2,2,0,11.106516246609099
683,High School,36,32028.157689182823,Yes,9,4,0,1.937455802595081
684,Bachelor's,76,47732.33169071867,No,3,2,0,5.031647672206727
685,Some College,53,110607.36676627025,Yes,5,1,0,1.0504866636751675
686,High School,27,18013.93913262554,Yes,4,0,0,4.054994107385801
687,Some College,62,33379.30611974436,Yes,7,3,0,0.3081118383135323
688,High School,22,38636.55998479825,No,10,1,0,2.58619474397257
689,High School,63,105714.73761157958,Yes,10,2,0,4.748622832803596
690,Some College,48,84974.47900795999,Yes,4,1,0,1.1946164426427763
691,Bachelor's,32,48293.05853260732,Yes,2,1,0,4.204574135502633
692,Some College,85,23941.860048220897,No,3,1,72.03254357941123,3.1626331265694105
693,Some College,43,58976.849062387824,Yes,4,2,0,1.6677287862790424
694,Some College,37,53164.05122104628,No,7,2,0,5.377817855791185
695,High School,52,67565.06969872866,Yes,7,2,0,3.7614365231554077
696,High School,84,50069.054456132864,No,3,1,0,5.619556334870652
697,Some College,75,21549.26072793827,Yes,6,3,0,3.6565645738963646
698,Some College,70,42079.16422049407,Yes,9,0,696.1330454254487,5.420201781756712
699,High School,48,123106.56794910101,No,6,1,0,2.635268443626852
700,Master's,57,18348.981013444794,No,7,4,59.79058467565995,14.028555057934483
701,Bachelor's,74,54749.1454568223,No,9,1,0,2.458027707136428
702,High School,65,129618.45585589804,No,10,2,0,6.970052840017775
703,Some College,22,38095.07076736128,Yes,4,1,33.58323207668185,0.23688144965761157
704,Bachelor's,48,67694.18269593274,No,6,0,0,3.7560100019943334
705,Bachelor's,18,37475.19429853821,No,8,3,0,2.646184604811256
706,Some College,81,63967.94943437152,Yes,3,4,0,1.8621797353170468
707,High School,32,22469.533190842314,No,2,2,338.9871866208133,2.672007868344125
708,Bachelor's,68,34444.431361328454,Yes,8,2,0,6.432006791350204
709,Bachelor's,18,94960.77373922788,Yes,10,3,135.39321506694426,2.0009020652256835
710,Bachelor's,39,197167.3316138881,Yes,7,1,0,0.8812780682506431
711,High School,40,38739.886167633726,Yes,7,1,0,1.8721649100949547
712,Master's,49,62596.73696860803,No,1,1,0,4.387913369610203
713,High School,21,103575.13293340844,No,8,1,0,2.4103431911978537
714,Master's,65,43706.214769228674,Yes,4,2,256.58946460255027,3.8573909330724785
715,High School,40,54563.37688060852,Yes,7,0,0,1.9719290248616148
716,Bachelor's,41,78736.37187402665,Yes,8,2,0,4.124969295183174
717,Doctorate,37,11967.799321693907,No,8,0,0,2.965352098135056
718,Master's,73,72846.91985440528,Yes,10,0,67.38794347729815,2.693268869271792
719,Some College,22,29675.776466470605,No,2,3,6.026498457235205,1.9886867455091861
720,High School,81,53370.43870040955,Yes,6,1,0,1.0422899103782817
721,Some College,76,41210.964172767,Yes,3,0,60.394983873627964,3.584605087244917
722,High School,60,47756.74127167175,Yes,6,0,67.87919888084951,1.931469398202882
723,Some College,84,86918.69326833331,Yes,8,1,992.2154967773102,0.27071273425883435
724,Bachelor's,69,60656.389785660016,Yes,6,3,0,7.330722113598838
725,High School,64,36765.484109122866,Yes,5,2,16.228416933539403,2.8974848933362205
726,Bachelor's,28,53547.6105227351,Yes,6,3,0,6.180726324291521
727,High School,85,85661.59124601661,Yes,3,0,10.144068270246915,0.5521370369269746
728,Some College,29,68663.66214359755,No,7,6,0,2.4228177879001267
729,Doctorate,27,20854.119908162327,Yes,5,5,0,2.518588319639654
730,Bachelor's,19,8490.740707537796,No,6,3,0,9.644239324729954
731,Bachelor's,49,62774.430730723274,No,4,2,0,5.58596296897285
732,High School,25,40172.075765194335,No,2,2,16.300480321965438,6.72330470403371
733,High School,66,63755.121222716865,Yes,5,2,5.980160210369828,0.15519621174062675
734,Some College,71,60356.89068071166,Yes,5,3,268.81472722072937,3.0400505334708066
735,High School,26,37788.850547605,Yes,7,2,16.79639558827257,2.872002850644876
736,Bachelor's,60,62545.01913033062,Yes,10,2,0,4.8398666033567235
737,Master's,56,70684.95622095132,Yes,7,2,0,1.2679395486341694
738,Master's,59,89163.9960174971,Yes,7,1,710.6419007469665,0.5525867255813248
739,Some College,78,53092.13840702491,Yes,7,0,0,3.266314654539633
740,Master's,47,29587.45415481283,Yes,8,2,18.325129117812914,6.7405845837629
741,Master's,82,44380.583992993015,Yes,5,2,0,6.128690306061135
742,Bachelor's,50,23802.712164587778,Yes,7,3,7.279013292227212,0.6115646052684758
743,Some College,56,54300.69459574198,Yes,5,0,0,2.749056096111097
744,Master's,37,21157.190725779426,Yes,10,0,48.11069357590839,6.453496820032972
745,Bachelor's,43,177870.021126901,No,7,3,0,1.0320683509219424
746,Master's,25,16203.87513981744,Yes,10,1,0,8.306341082475702
747,Bachelor's,32,46469.14095494237,Yes,10,2,0,2.4864288055886314
748,High School,56,168431.6029193645,No,7,1,300.461665211421,0.8167432556952509
749,High School,50,26033.266208474895,No,10,2,27.562859025047995,6.92967904158756
750,Some College,37,30044.969348066672,Yes,8,2,0,4.5050541929708485
751,Some College,54,14554.471426995655,No,3,1,31.20372534628749,0.6573014633293265
752,High School,55,20092.367269575803,No,3,3,76.61117545296827,1.1866915265042102
753,Bachelor's,56,26712.048224001053,No,9,2,0,4.93936928142713
754,Some College,38,19303.641566916212,Yes,3,1,0,3.3424913424430756
755,Bachelor's,44,62662.3528729267,Yes,10,1,265.6341859532941,3.004412695186233
756,Bachelor's,57,120970.49544793708,No,3,1,0,0.15167625007516505
757,Master's,60,29941.834588001435,Yes,5,3,188.47263204698248,3.1788784869187325
758,Bachelor's,58,25414.78516183042,Yes,5,1,0,8.00752601981542
759,Master's,82,100842.05852862407,Yes,7,2,0,3.0603229661499856
760,Master's,49,20692.129771002823,Yes,7,2,146.429761967757,2.2183247500626
761,Doctorate,66,61638.91966949298,No,9,2,0,5.296699401973451
762,Bachelor's,27,79459.66523553143,No,1,0,0,6.497165543011272
763,Some College,20,171413.41232833333,No,9,1,0,5.369487406601012
764,High School,25,66203.48193151953,No,8,1,11.426634102094024,0.8430359273646317
765,Bachelor's,53,30394.01180686707,No,7,0,0,0.8298049274558595
766,Master's,67,112161.38999465643,Yes,8,1,0,4.025452798665978
767,High School,26,18917.65205623539,Yes,4,2,177.66045071575442,5.5393839022590905
768,High School,55,69387.15686925744,Yes,6,0,0,7.556533938857032
769,Bachelor's,27,52808.74997806783,Yes,3,2,0,10.67154348767052
770,Master's,31,12475.204781884071,Yes,6,3,9.617266694859042,2.0329120236234575
771,Doctorate,37,48001.23628079796,No,7,2,0,3.1998451541431905
772,Some College,61,63492.06745316211,Yes,1,4,1051.1497656335036,3.9468720552511036
773,Bachelor's,53,50488.00057047055,Yes,6,0,83.74172280686658,2.1018895935794566
774,Some College,47,126119.11750516704,Yes,5,2,0,2.82807286324863
775,Doctorate,81,38144.45160306401,Yes,9,3,98.22966622080865,1.2414047112355702
776,High School,36,21751.043116828896,Yes,2,4,0,2.0278551235369906
777,Bachelor's,45,42191.243430071096,Yes,8,3,0,3.726294352272788
778,High School,55,55480.39538607119,No,9,3,0,1.6587104978255598
779,Some College,60,12091.842741306591,Yes,8,1,0,3.631120384790809
780,High School,35,39752.936573999024,Yes,9,1,0,6.643705632669154
781,Doctorate,67,73343.87506263431,Yes,7,3,0,8.623950469704315
782,High School,71,47267.17466987502,No,3,2,0,9.179327839140488
783,Bachelor's,81,71342.1584504526,Yes,1,0,410.1657280623578,13.350960609628594
784,High School,25,125753.06652071066,No,3,0,0,1.9538558492598865
785,High School,51,16729.160694246093,No,8,0,1009.0766050973461,0.1929606386801383
786,Some College,72,117222.61254673977,Yes,6,4,453.35542255489673,1.4047064303340868
787,High School,54,77219.99550350604,Yes,10,2,0,4.47673074608623
788,Bachelor's,59,114845.4560479764,Yes,8,3,0,2.321569070119998
789,High School,61,74862.65619334062,Yes,3,4,0,8.031282524751932
790,High School,65,52815.41614542668,Yes,6,4,0,3.597371161825383
791,Bachelor's,30,156619.16645340217,No,6,1,56.876343739626336,3.377624627201501
792,Master's,33,44116.06378612814,Yes,9,1,0,5.195760940144628
793,High School,52,15101.004746750348,Yes,8,2,0,6.3276551397577805
794,High School,62,51574.92781615122,Yes,8,0,635.1923586934324,4.061180110246791
795,Some College,43,15612.455522658438,No,5,3,0,3.067968403461179
796,Bachelor's,69,115611.3420306289,Yes,4,2,191.63566840270803,5.601272078743312
797,Master's,25,21113.582897387663,Yes,5,3,0,8.349711398679519
798,High School,30,102693.4673567725,No,5,3,22.386697122470434,1.783447023237657
799,High School,61,32423.47947241846,Yes,7,0,0,9.632013752247392
800,High School,85,40388.15857638551,Yes,5,3,0,0.9455412428391747
801,High School,59,122015.30829267793,Yes,1,2,191.07169203518956,2.142122898047978
802,Doctorate,27,66589.88054716913,No,2,0,0,1.8479255474215042
803,Bachelor's,23,21974.626798443456,No,6,1,0,3.739317917886604
804,Master's,76,44959.03001325626,Yes,10,5,117.7356522408673,2.7481467069952177
805,Master's,36,40955.55850606985,Yes,5,1,115.29551056380399,1.064210828436476
806,High School,81,29308.91159381461,Yes,7,4,0,1.1672172927674982
807,Some College,64,73438.83260482571,Yes,10,1,0,3.0441306416945086
808,Bachelor's,35,243333.7346823168,No,4,1,0,3.2606356824926404
809,Bachelor's,39,25831.737460764572,No,7,2,2.8854821490085634,4.917128445208192
810,High School,59,44131.809858670335,Yes,6,2,0,3.856245272458436
811,Master's,48,249061.1318320512,Yes,10,1,0,0.8518166963791233
812,Some College,60,56694.051518647175,Yes,3,1,0,3.5258235482855738
813,Bachelor's,32,40657.68853042612,No,10,0,0,2.4713099425246643
814,Bachelor's,32,49864.16379291602,Yes,5,5,12.143301891229994,1.1259197298488839
815,Doctorate,46,18372.347400362734,Yes,1,1,0,9.411273284276323
816,Bachelor's,35,45844.63368252665,Yes,1,4,0,6.782772255805382
817,High School,70,26079.435203537283,Yes,8,3,0,1.771598010660725
818,High School,77,23670.63949849471,Yes,9,1,0,4.761884731351546
819,Some College,53,57092.88501951161,Yes,6,2,404.7593570259229,2.595940129396357
820,High School,21,32012.674494631217,Yes,5,4,0,1.934892391536177
821,Master's,70,67757.34296323023,Yes,6,0,0,4.734412104466286
822,Master's,44,65369.51538211097,Yes,4,2,0,6.310274759380894
823,Master's,34,62460.807887291674,Yes,6,2,0,4.934605361554252
824,High School,49,54113.9678572642,Yes,1,2,93.10960411933623,4.738106554452139
825,High School,21,68324.21448245914,Yes,6,0,143.42215756370888,1.4635174223742102
826,High School,25,25666.696765362514,Yes,3,3,0,3.954332751016547
827,High School,75,23184.817179188176,Yes,6,1,0,5.941407414162959
828,Bachelor's,32,31133.69448176615,No,2,3,0,1.1335009857066607
829,High School,37,98842.81059840237,Yes,7,2,0,0.6781740796736664
830,Master's,65,48785.14787835125,Yes,5,4,0,3.101569042002461
831,Bachelor's,80,45335.106821667185,Yes,6,1,9.444886743213578,2.5859630057228142
832,High School,76,43752.17587474428,Yes,6,0,0,8.140596200823447
833,Bachelor's,22,53186.46224211514,No,6,1,0,6.538852974492762
834,High School,47,68463.96816617392,Yes,7,2,125.53103196671343,3.989313442576957
835,Master's,23,50976.58391442576,No,6,4,0,0.9633116112087368
836,Doctorate,39,90044.20034603022,No,10,1,822.4590421525227,12.264727817854503
837,Some College,39,106452.12097085506,Yes,5,0,29.695754852161517,2.1628369171140975
838,High School,21,95312.61882913487,No,1,1,0,3.1495927760266613
839,Bachelor's,83,55583.06773107996,No,7,0,0,1.0960778483512066
840,Master's,65,116790.93836852966,Yes,7,3,0,1.2463595586228051
841,Master's,37,55070.04950301774,Yes,6,2,0,1.4859536132378792
842,High School,58,56972.20699249035,Yes,4,2,0,1.9967741294747727
843,Bachelor's,72,53903.20843128565,Yes,2,1,0,3.5483914385070427
844,Some College,67,77279.4042040845,Yes,4,3,0,3.368227572546155
845,Master's,85,34247.342718290805,Yes,7,2,0,2.683106398627183
846,High School,51,30948.332655834816,Yes,7,4,0,18.641975598173705
847,Some College,56,133198.32231850823,Yes,8,3,0,4.878620600936271
848,Bachelor's,78,22151.910192453466,Yes,3,4,1199.6447997317873,2.0297148123158277
849,Some College,26,108332.07354624105,Yes,8,3,7070.452874579668,2.220562735385373
850,Bachelor's,21,18986.117914778883,Yes,1,3,224.34208505588754,3.8708350381572667
851,Master's,52,148187.93617498814,No,8,1,0,0.7081636389665563
852,High School,65,48300.84934904772,Yes,5,3,0,5.436607335960723
853,High School,82,212950.76981527498,Yes,3,3,0,2.1925133652242
854,Bachelor's,75,61323.74191011118,Yes,6,0,0,1.3074530094687993
855,High School,50,34710.178702734775,No,3,5,0,1.9597307429504016
856,Bachelor's,28,84580.53126731132,No,3,1,102.75976248585174,3.621225343452772
857,Some College,75,58588.2644126651,Yes,6,1,2080.7303936002722,4.839466159856777
858,Some College,44,76437.08358088904,No,7,1,0,1.4279542220417103
859,High School,61,58157.48736282885,No,8,4,0,3.47028433957719
860,High School,55,114853.71312426485,No,7,3,115.50307887613951,9.98604841268558
861,High School,83,88711.68207374038,No,6,5,1744.7341811918566,2.78062892635346
862,Doctorate,42,39393.468182759876,No,6,3,0,9.13316902934961
863,Bachelor's,25,57651.679553911294,Yes,9,3,0,3.1492660239958563
864,Some College,20,133856.80363883774,Yes,5,1,532.7957322424902,5.682056992877586
865,Some College,27,56210.930498686655,No,7,3,0,1.4994771602200394
866,High School,57,105528.20128046609,Yes,7,2,0,0.4322384368643735
867,Some College,34,97123.31590082239,Yes,6,1,0,1.789112977905973
868,High School,44,57768.9487885427,No,5,4,0,2.8996239221531934
869,High School,85,82167.72031704358,Yes,5,2,0,4.364326976721998
870,Master's,79,36004.848887379725,Yes,2,4,34.119040259169985,4.447619906258496
871,Some College,56,48563.55651642758,Yes,9,2,0,4.133951048131333
872,Bachelor's,36,159710.69196972135,No,3,3,0,3.3669782142770415
873,High School,70,58217.24029574825,Yes,5,2,0,2.772735179816658
874,High School,54,106033.6839901869,Yes,6,3,0,7.217129030322233
875,Doctorate,22,38822.09192432976,Yes,8,1,166.4054382780258,0.9822162586586647
876,High School,68,12003.85015925361,No,8,2,0,2.118443017466759
877,High School,71,29093.931679120386,Yes,5,2,0,5.91244142362852
878,Some College,39,43352.570320049126,Yes,1,1,0,5.804513864888122
879,Doctorate,43,24076.09442629748,Yes,3,1,17.183085693830243,3.850538067288719
880,Bachelor's,68,82971.58935638604,Yes,3,2,64.07789960749925,1.1657475541001439
881,Bachelor's,24,49749.43922274938,Yes,6,4,0,4.0349861590142675
882,Master's,81,28004.80015024785,No,3,2,10.023116479333385,0.6986267421064897
883,Some College,64,95765.88882398691,No,5,4,0,0.8609422509355155
884,High School,22,41129.70457310331,Yes,7,2,0,5.402037897200737
885,High School,69,24937.840014454872,Yes,5,2,78.89009912876193,2.5695529056099073
886,Master's,67,46804.95666452678,Yes,5,1,0,3.520470677004252
887,Bachelor's,78,54916.80437252047,No,5,0,0,1.077014534943133
888,High School,22,208910.41054328927,No,8,1,0,6.03677998873793
889,Some College,49,58629.42179713682,No,7,3,0,2.5184887198319785
890,High School,59,40139.64394376945,Yes,4,0,0,2.160281558172827
891,Master's,64,27602.14811636537,Yes,4,1,0,3.9497434630286103
892,High School,60,55181.514647984084,Yes,9,2,511.97638024615,4.402821155955885
893,High School,33,40926.335984771045,Yes,5,3,0,1.4556773876043092
894,Some College,73,82169.95472445655,Yes,7,0,401.9393885205869,1.3533349436283268
895,High School,77,58767.093760239666,Yes,8,5,9.27685696851808,2.0156911302719127
896,High School,53,119720.63010171111,No,4,0,0,4.517650472321383
897,High School,48,57140.016637711415,Yes,5,2,0,3.802851582131758
898,Master's,70,21680.085525208015,Yes,7,3,0,3.329575446870316
899,Some College,27,29523.37439296983,Yes,9,3,0,2.262064523969899
900,Bachelor's,78,49348.655716313624,Yes,7,1,0,3.379721430577084
901,Some College,71,71758.73246156883,Yes,7,2,0,1.4151507401988712
902,Some College,55,217104.3901261957,Yes,5,0,99.58046395326492,9.888687288078463
903,Bachelor's,20,74564.03741306471,No,1,1,0,1.319649280243117
904,Some College,83,71082.42310588458,No,7,1,282.67174070596286,0.5732418194941166
905,Bachelor's,76,23363.801342361305,Yes,3,1,0,4.38605899308691
906,High School,20,62001.23408242022,Yes,9,4,0,1.0213906511791628
907,Bachelor's,59,22733.480398251748,Yes,8,2,22.153884973113723,3.4932714705788257
908,High School,40,35291.93800412415,Yes,9,1,94.35595069898014,2.441690319053183
909,Bachelor's,66,84005.50369960403,Yes,8,4,1034.0331969603965,4.663836514959089
910,Bachelor's,36,88642.17196063996,No,3,3,0,7.308631129873609
911,Doctorate,41,38983.642607385955,No,7,3,0,0.3160654704048246
912,High School,44,35760.79066033268,Yes,2,0,0,2.1380561315296522
913,Bachelor's,18,42515.01535342446,Yes,9,2,0,3.2520368023755233
914,High School,59,155694.32990991257,No,1,2,0,1.612345541711613
915,Master's,58,9912.842303937598,Yes,5,1,0,2.2484044094696203
916,Some College,71,46184.994725634555,Yes,5,0,0,3.836282632347114
917,Doctorate,77,97075.99403390438,No,10,1,0,5.397894464664074
918,Bachelor's,58,45342.223935504684,Yes,6,2,0,1.9677566991635578
919,High School,74,24617.100842737447,Yes,8,1,0,2.891469377027288
920,Master's,18,73886.02734651412,Yes,3,2,0,2.2588426823318293
921,Bachelor's,46,84641.31752968527,Yes,3,3,336.2975510936088,4.472612823355908
922,Master's,51,23956.881964697623,Yes,9,0,102.80046516668914,3.1332043408944723
923,Bachelor's,66,41434.221863283215,Yes,7,0,18.002694499695775,3.708853524510711
924,High School,49,74252.99387375543,No,6,4,0,3.4571203694388983
925,Master's,65,31421.47532138187,Yes,6,2,0,9.09104414072163
926,Master's,64,48768.51317152833,Yes,4,1,0,2.908254098586171
927,Bachelor's,45,43282.6973476421,Yes,4,4,0,6.950702747002613
928,Master's,49,45098.00326374079,No,7,0,0,1.8731772431175755
929,Some College,85,45099.54527299145,Yes,8,3,0,1.5107014992016228
930,Some College,27,108166.96317736097,Yes,2,3,0,4.054866337028368
931,Some College,72,96705.35114417583,Yes,6,1,0,3.088891068175247
932,High School,70,66454.72608188943,Yes,3,0,30.87940977060408,3.097446921270776
933,Some College,38,44028.22822781524,No,9,3,353.02471884392793,1.967070423966739
934,Some College,44,18451.113754134843,No,5,3,331.82607374895076,2.243182123844089
935,High School,57,28544.066461808015,Yes,8,6,0,5.056340001162375
936,Master's,28,97461.94314877274,Yes,4,3,100.08215713568752,0.946209549669751
937,Doctorate,27,29152.84023712159,No,1,2,0,2.1788581196172894
938,Bachelor's,39,41475.56537164689,No,8,3,514.3982079183404,0.687902759898325
939,High School,85,96271.41272183033,No,5,1,2435.7653762899063,6.792582616300959
940,Some College,77,22857.769990209294,Yes,9,3,0,3.5044707437518356
941,Bachelor's,49,142314.13641886084,No,9,1,0,9.23325618512767
942,Master's,62,46768.11772522958,Yes,8,1,1768.5365112653596,15.039612445845066
943,Some College,50,11740.325116857945,Yes,6,4,0,2.1948526181837225
944,Master's,34,26893.05503318423,Yes,5,1,0,0.7832435945659889
945,Some College,38,42231.71617289339,Yes,3,5,0,12.309373073385759
946,Bachelor's,49,114847.89356045582,Yes,4,1,0,7.124399237174917
947,High School,41,94930.28390188004,Yes,8,1,0,3.6911689423487846
948,Doctorate,66,76720.17465110747,Yes,7,0,0,2.3740883573206406
949,Bachelor's,48,63763.566428268445,Yes,10,1,274.4507828516756,2.0631773371063367
950,Bachelor's,39,47115.012832186585,Yes,4,1,0,13.43144926342996
951,High School,71,36833.94459065647,No,6,1,0,5.362034447698371
952,High School,48,25805.81039740665,Yes,7,0,127.04147336146005,4.857080648924314
953,Master's,19,91792.08424073015,Yes,9,0,0,4.242274016076958
954,Bachelor's,41,53386.753692827624,Yes,8,3,0,7.801679570644649
955,High School,67,90022.61697188791,Yes,3,2,381.7753865956719,4.682115705012218
956,Some College,36,199447.37987312095,No,9,2,0,1.1166395049487263
957,High School,63,64891.1812838317,Yes,9,3,242.195731939392,2.96747399037786
958,Master's,68,45621.72045037223,No,7,1,0,2.3590151419618466
959,Bachelor's,47,91647.63779155613,No,10,2,148.34867585690162,4.514901156132355
960,Master's,28,38310.581739980546,No,1,2,78.83857214552665,5.165618513461022
961,High School,74,65071.39670572071,Yes,3,4,0,3.2052804430552295
962,Master's,71,156191.70243012905,No,3,4,0,4.812335809536757
963,Some College,26,34651.814767390286,Yes,1,2,0,3.2175596235783597
964,Some College,53,28480.852981818378,No,6,1,0,4.441858145554583
965,High School,37,26356.488563277915,Yes,5,2,0,0.5389466928658302
966,Some College,81,105194.96957390297,No,7,1,0,2.4805515631590307
967,High School,73,71550.96397829105,Yes,2,3,0,2.474214853202245
968,Bachelor's,62,107257.06586386629,Yes,4,0,0,4.929757481564001
969,High School,83,78467.06065661933,No,10,2,0,6.116414124336145
970,Some College,84,57161.664462315624,Yes,10,2,97.46415896480548,2.323681685978692
971,High School,34,57755.41546750391,Yes,6,1,430.41145151195053,5.497859233036785
972,Doctorate,57,52533.728344490555,No,7,3,0,1.3261111223021986
973,Master's,26,33195.949583523805,Yes,7,4,0,8.303600979686426
974,High School,46,53971.88284773752,No,9,3,0,1.2606496950448678
975,Doctorate,20,41660.73142363562,Yes,6,1,0,3.4477772785346223
976,Master's,54,76233.8248727784,Yes,4,2,0,5.8988427122011915
977,Master's,68,26399.57262108161,Yes,8,0,29.41070187287408,5.48884469456193
978,Bachelor's,28,25246.475787456715,Yes,4,2,22.763475598959687,2.5190376051153756
979,Bachelor's,71,127881.52091012396,Yes,1,1,0,3.7867423833187557
980,Bachelor's,26,45239.92936163267,Yes,7,1,0,0.6685880879256418
981,Some College,56,109483.57891548406,Yes,6,2,33.940764027393186,3.6920608730702544
982,Master's,52,92822.63940976487,No,9,1,0,3.7496857091311044
983,Some College,73,30860.20964661255,Yes,1,1,0,0.4042930758162718
984,High School,56,28489.330740980862,Yes,2,3,0,4.281024638137211
985,Bachelor's,84,34841.37256675722,Yes,4,3,0,3.30805113334323
986,Some College,19,15079.776657524091,No,6,0,26.666222966876557,0.98984897626497
987,Some College,45,60668.8986147063,No,4,2,0,6.065337890153321
988,Some College,36,36438.597571023834,Yes,7,3,122.74789164476424,4.58693499743564
989,Some College,73,21304.19441669923,No,6,1,0,2.607071285319526
990,Some College,85,29958.948111505662,Yes,9,0,0,5.118496520778202
991,Master's,61,103586.73925159586,Yes,4,5,0,6.94880773774933
992,Bachelor's,46,99440.97161927751,No,5,6,49.07004304848472,3.0307178406092334
993,Master's,22,102016.47819650006,No,5,2,0,2.2248064328063673
994,Some College,66,33405.16087092011,Yes,10,1,7.677056013619979,2.6444491174280054
995,Bachelor's,59,126498.93244654726,Yes,8,0,0,0.30815336578558145
996,Master's,54,29625.52805566564,No,4,2,149.78288212664228,2.776421986896436
997,Some College,74,73936.02007402804,Yes,6,2,0,2.2278907958724585
998,High School,41,44955.56350982419,No,9,2,242.19652620334696,5.124705059976917
999,Bachelor's,36,117219.2029093726,No,6,5,216.13504960860487,4.223954672238333
1000,Bachelor's,27,75883.62252745629,Yes,5,4,0,2.7657378112903035
