participant_id,age,gender,education,prior_earnings,treated,takeup,post_earnings_6m,post_earnings_12m,employment_12m,center_id
1,32,Male,High School,36975.655064335435,TRUE,TRUE,10000,50083.777812597655,TRUE,15
2,53,Female,High School,55352.78148462323,FALSE,TRUE,10000,12000,TRUE,14
3,40,Female,High School,43244.457438205114,TRUE,FALSE,45349.841993139285,37088.282096987154,TRUE,1
4,32,Male,Some College,36078.407730283776,TRUE,TRUE,56145.164955818465,53223.194585927224,TRUE,20
5,48,Male,High School,40881.52049079437,TRUE,TRUE,49604.448473456185,37642.32718428994,TRUE,20
6,50,Female,BA,35999.19394765151,TRUE,TRUE,52632.62009405088,34468.86175435942,TRUE,1
7,25,Female,High School,36438.95665725074,FALSE,TRUE,12186.560372974081,24156.217820801427,TRUE,7
8,49,Male,Some College,17103.897649096158,TRUE,TRUE,43824.21998235902,64684.81419867072,FALSE,1
9,38,Male,BA,28932.856686036586,TRUE,TRUE,47900.18380124145,32596.5881550052,TRUE,20
10,37,Male,Some College,38958.43351376897,FALSE,TRUE,42320.70892164601,30769.08628810326,FALSE,12
11,24,Female,BA,27893.915222783722,FALSE,FALSE,21799.069728928116,45941.296016834014,FALSE,16
12,51,Female,High School,64914.022438007996,FALSE,TRUE,32511.01851432036,27934.500935269632,TRUE,9
13,51,Male,BA,29846.410652110444,TRUE,TRUE,34001.46183639061,31373.8704035988,TRUE,3
14,51,Female,Some College,51686.731946287386,TRUE,TRUE,45180.91014119693,24641.993115358688,TRUE,16
15,36,Male,BA,23406.15284726975,FALSE,TRUE,58271.15775058032,48600.930844912014,TRUE,20
16,23,Male,High School,48786.70337381056,TRUE,TRUE,23520.871914804615,21915.672574361564,FALSE,7
17,35,Female,High School,16701.598325299074,TRUE,TRUE,20064.83666002583,46604.06833844082,TRUE,18
18,47,Female,High School,37949.6589582607,FALSE,FALSE,69378.40321377183,30169.389991844288,TRUE,2
19,47,Female,Some College,31971.12904075259,TRUE,TRUE,37979.46239076169,20837.15962173641,TRUE,10
20,32,Female,Some College,15000,TRUE,FALSE,10000,17346.969429074918,TRUE,20
21,36,Female,BA,15000,TRUE,FALSE,19209.04248390601,22523.90764370767,TRUE,18
22,53,Male,BA,33409.36309769279,TRUE,TRUE,58395.88238277156,55569.18747864577,TRUE,11
23,35,Male,BA,57149.82831538521,FALSE,TRUE,39251.92411949976,39135.99514883363,FALSE,6
24,55,Male,BA,37542.10302321443,TRUE,TRUE,57187.47161692979,39661.10091933649,TRUE,10
25,26,Female,High School,40629.41085761615,TRUE,FALSE,35645.03235696576,13321.90918745236,TRUE,10
26,26,Male,BA,31181.829670590043,TRUE,TRUE,38078.10350154977,38649.60753862007,TRUE,14
27,41,Male,BA,37472.65629499662,FALSE,TRUE,54724.095312867285,55561.4587939285,TRUE,20
28,52,Male,High School,27650.436796059897,FALSE,TRUE,39930.48445871504,61739.093767724225,TRUE,12
29,39,Female,BA,66057.89209235141,TRUE,FALSE,23950.300133325833,38435.58131745771,TRUE,14
30,32,Female,High School,45509.09643962178,TRUE,TRUE,22929.46646159266,68978.09832625286,TRUE,17
31,43,Male,High School,30594.069126648406,TRUE,TRUE,28934.428240571928,58383.13550159581,TRUE,15
32,36,Female,BA,33737.31909339471,FALSE,FALSE,38251.15042576731,31768.55721471587,TRUE,16
33,54,Female,BA,50252.14240682883,TRUE,TRUE,42587.634705145334,51594.774706946395,FALSE,5
34,45,Female,BA,46232.35881363132,TRUE,TRUE,19969.16847578601,35856.4024566747,FALSE,3
35,24,Female,High School,15000,FALSE,TRUE,42822.241728161396,38653.26254181204,TRUE,10
36,48,Female,Some College,15000,TRUE,TRUE,27007.26189033255,44053.21483238522,TRUE,16
37,47,Male,High School,35140.04988735142,FALSE,FALSE,50156.2837988654,63034.472420246915,TRUE,16
38,27,Female,Some College,28489.44693200591,TRUE,TRUE,28479.068189552778,62064.07493368066,TRUE,10
39,31,Female,Some College,15000,FALSE,TRUE,34304.200718399356,25492.914943693093,FALSE,10
40,46,Female,High School,30853.889391299417,TRUE,FALSE,22325.892299724354,50404.518798126286,TRUE,6
41,30,Female,High School,38026.51244088408,FALSE,TRUE,75743.43012299844,57114.403197177155,TRUE,1
42,52,Female,High School,53948.659543689835,FALSE,TRUE,48421.46788969549,44866.01859642079,FALSE,9
43,41,Male,BA,15000,FALSE,TRUE,60413.88911520741,29683.96176060904,TRUE,13
44,43,Female,High School,15000,FALSE,TRUE,16397.70765036815,71839.70478314406,FALSE,6
45,23,Female,BA,47064.81659192643,FALSE,TRUE,47048.408631545324,46092.53717570861,TRUE,7
46,47,Male,Some College,27742.232297872597,FALSE,TRUE,47090.98200636255,47023.97644107544,TRUE,15
47,28,Male,High School,47454.47450807759,TRUE,TRUE,63623.2884827444,33929.84166130066,TRUE,4
48,54,Male,High School,44372.46542001228,TRUE,TRUE,31427.92155394287,41830.85712264971,TRUE,5
49,48,Female,Some College,26852.326782238728,FALSE,TRUE,41059.227742529656,12000,FALSE,19
50,33,Female,High School,32648.04512997653,FALSE,TRUE,27021.471738052474,55837.28282908295,TRUE,8
51,46,Male,Some College,23946.960511502653,TRUE,TRUE,30081.31180786592,35188.24578634355,TRUE,5
52,35,Female,High School,42751.94316292246,TRUE,FALSE,35318.88856725991,28808.21985188129,FALSE,4
53,28,Male,High School,29165.545880219728,TRUE,TRUE,37908.234884309284,59441.22732086576,TRUE,12
54,38,Male,BA,49116.70518538919,FALSE,TRUE,30270.22779365446,57448.671196769166,FALSE,12
55,50,Female,Some College,48000.27948974077,TRUE,TRUE,43364.73792392778,55412.36085341467,TRUE,2
56,43,Male,BA,18235.364550250513,FALSE,TRUE,22379.544225386064,40937.48484905962,TRUE,7
57,52,Male,BA,45725.91698349843,TRUE,TRUE,24619.46193107347,41395.32038258109,TRUE,4
58,54,Female,BA,25229.2510062543,TRUE,TRUE,45284.16281218283,20690.689570596933,TRUE,6
59,41,Female,BA,43290.65083814661,FALSE,FALSE,39238.35339332343,66331.77286111066,TRUE,18
60,24,Male,BA,35555.72971741665,TRUE,TRUE,47463.469346215556,37714.585748660655,TRUE,18
61,48,Female,High School,44428.64042003134,FALSE,TRUE,43023.005197064325,28361.956374682526,TRUE,20
62,22,Female,High School,45238.517388656765,TRUE,TRUE,48335.9255909512,57290.627591753575,TRUE,6
63,47,Male,Some College,15000,FALSE,FALSE,11743.43733964416,17793.40819928352,TRUE,12
64,26,Male,BA,17777.189357229396,TRUE,TRUE,61644.01177637262,24860.171649052674,TRUE,2
65,38,Female,Some College,15000,FALSE,TRUE,43462.06575786016,43663.6939812372,TRUE,3
66,23,Male,BA,22012.255806495563,TRUE,FALSE,39146.43158624617,39191.462315042954,TRUE,13
67,30,Male,High School,31222.358881879478,TRUE,TRUE,59548.51438696374,34643.13851284814,TRUE,17
68,55,Male,BA,44842.88327829142,TRUE,TRUE,24739.762482334198,20432.556590148262,FALSE,5
69,33,Female,BA,26465.73527548665,FALSE,FALSE,11483.375937160641,14994.748988497768,TRUE,17
70,22,Male,High School,57404.58017543457,TRUE,TRUE,54136.71553066704,50134.95633617209,FALSE,15
71,28,Female,High School,30518.375499178648,TRUE,TRUE,20100.425030901722,20490.90777386899,FALSE,13
72,40,Male,BA,15369.84099413762,TRUE,TRUE,26143.081124883392,43213.87473883093,TRUE,10
73,43,Female,Some College,25045.270274420447,TRUE,TRUE,41570.24871792499,44394.82268409896,TRUE,19
74,38,Male,BA,24055.60134835934,FALSE,TRUE,10000,45968.51313178315,TRUE,4
75,40,Female,High School,50442.28944955434,TRUE,TRUE,40302.34962090614,33806.83517030199,FALSE,16
76,41,Male,High School,42482.5551487535,TRUE,TRUE,35839.70518512363,76373.79410216633,TRUE,15
77,37,Female,Some College,32622.625949332345,FALSE,TRUE,46674.07404004455,38954.83470610411,TRUE,10
78,48,Male,High School,35502.69080685942,FALSE,TRUE,47112.55307011083,45131.23900299078,TRUE,18
79,26,Female,Some College,34941.348420574446,TRUE,FALSE,32151.16552927748,18995.74672984682,TRUE,13
80,46,Male,Some College,15000,TRUE,TRUE,55857.83548586924,12000,TRUE,3
81,48,Male,BA,18833.316774661453,TRUE,FALSE,64936.454885969586,47902.818791053694,FALSE,12
82,34,Male,BA,24099.43477580592,TRUE,TRUE,37149.825370296145,43751.036205241886,TRUE,11
83,30,Female,Some College,15000,FALSE,FALSE,22983.265093756567,15436.746606133349,FALSE,2
84,32,Male,High School,15000,FALSE,TRUE,33810.20279078408,34169.07075419066,TRUE,6
85,43,Male,Some College,25702.782659644523,TRUE,FALSE,37445.407247977906,58976.50834425047,TRUE,16
86,41,Male,Some College,21685.465239240493,TRUE,TRUE,34462.476929609984,61258.350978989634,TRUE,4
87,30,Female,High School,67676.35524819428,TRUE,TRUE,52114.386022826264,16239.59870546869,TRUE,15
88,25,Female,BA,34617.43388881837,FALSE,TRUE,46926.68176924842,36988.05672859825,TRUE,14
89,50,Male,High School,20740.540901060198,TRUE,TRUE,34556.020923599244,39783.1047414368,TRUE,6
90,25,Male,High School,52684.80951767904,TRUE,TRUE,55176.833650013126,44147.416298855074,TRUE,5
91,49,Male,BA,43903.623498042165,FALSE,FALSE,18838.58805526103,60853.921031905964,TRUE,8
92,51,Female,Some College,29657.056005827315,TRUE,FALSE,30859.37490283681,59223.50281623808,FALSE,18
93,38,Male,High School,33965.114243062366,FALSE,TRUE,12001.429113740212,12000,FALSE,18
94,44,Female,Some College,33096.41829388852,FALSE,TRUE,68690.47943061401,25283.874942468843,FALSE,1
95,29,Male,High School,26224.22159634498,TRUE,FALSE,44930.72661411671,51913.99915937007,TRUE,15
96,31,Female,BA,48454.65211742054,FALSE,FALSE,54674.90157749384,40275.97585475345,TRUE,13
97,24,Male,BA,39229.12893585737,FALSE,TRUE,36678.841825239906,47848.70478209593,TRUE,13
98,25,Male,Some College,33133.41323867562,TRUE,TRUE,49784.801897832614,48865.157242547706,FALSE,16
99,27,Female,Some College,24773.860339523362,TRUE,FALSE,48794.815780476296,55843.42880671111,TRUE,8
100,55,Male,High School,26217.515787054563,FALSE,FALSE,25457.45053545821,34271.30910711396,TRUE,2
101,52,Male,BA,55182.30642816951,TRUE,TRUE,39146.5661035347,19378.92250160355,TRUE,10
102,54,Female,BA,61515.65045639156,TRUE,FALSE,55566.3757980886,21729.34640746487,TRUE,1
103,24,Male,BA,26866.675577014677,TRUE,FALSE,39616.950781011976,26027.264800518453,TRUE,7
104,41,Female,High School,50974.813100496816,TRUE,FALSE,10000,41543.639655007755,TRUE,17
105,27,Female,Some College,50888.77428738488,FALSE,TRUE,38206.34432103913,18783.525051600962,TRUE,5
106,46,Female,Some College,30426.47521879822,TRUE,FALSE,41316.37869764191,30379.875111006517,TRUE,11
107,33,Male,High School,42385.065248583196,FALSE,TRUE,50836.74386214622,44564.16103181639,TRUE,18
108,46,Male,High School,15000,TRUE,TRUE,57174.65451430924,12000,FALSE,5
109,53,Male,BA,48850.12078667301,TRUE,FALSE,53986.834971678814,40279.1369856138,FALSE,11
110,50,Male,High School,15000,TRUE,TRUE,10000,42651.473826670495,TRUE,9
111,40,Female,BA,29227.413116915268,FALSE,TRUE,37749.70651771216,56017.042356701524,TRUE,7
112,26,Male,Some College,51600.18098415452,TRUE,TRUE,10000,23355.70684446209,TRUE,3
113,29,Female,BA,38361.53718168539,FALSE,TRUE,20269.216440971148,49963.92010850494,TRUE,5
114,27,Male,Some College,51469.638338962286,TRUE,FALSE,51558.95398423646,59260.18364310688,TRUE,1
115,28,Male,High School,28919.137368930256,FALSE,TRUE,26444.53497130867,21864.972316826803,TRUE,9
116,50,Female,Some College,19870.098995348628,FALSE,TRUE,36311.02736290853,25348.4181342218,FALSE,7
117,22,Female,High School,24437.158080621815,TRUE,TRUE,27654.05280125471,35064.69698976176,TRUE,7
118,27,Male,Some College,47498.882505414396,FALSE,TRUE,19110.693933918978,28573.899539402348,TRUE,12
119,55,Male,BA,67990.12280805342,FALSE,TRUE,58004.01053940816,31372.270141145873,TRUE,3
120,26,Female,Some College,26345.344958743724,FALSE,FALSE,51804.823847781496,54093.83304941102,FALSE,13
121,44,Male,BA,51584.18011591435,FALSE,TRUE,35264.186827152545,66375.78667087133,TRUE,17
122,34,Female,High School,47174.8973339006,FALSE,TRUE,45767.81756497116,28484.39271067877,TRUE,19
123,45,Male,High School,34457.49396095289,TRUE,TRUE,14418.454260983499,34898.267505228636,TRUE,16
124,46,Female,Some College,34314.55980188186,TRUE,TRUE,40430.053388518805,31773.916523688127,FALSE,4
125,29,Male,BA,46594.4569466948,FALSE,TRUE,43063.401498854946,18838.457786135295,TRUE,8
126,55,Male,High School,15000,FALSE,FALSE,37204.25618830291,21015.01030754144,TRUE,7
127,31,Female,Some College,59787.73078120252,TRUE,TRUE,50729.79336478637,29920.161739406172,TRUE,16
128,25,Male,Some College,30547.543971226616,FALSE,FALSE,55933.6676295411,36537.06069234056,FALSE,7
129,30,Male,High School,15000,TRUE,TRUE,64016.952090489016,57211.72331423794,TRUE,20
130,53,Female,BA,29328.11487982158,TRUE,TRUE,21354.214176728266,26057.942433610537,TRUE,13
131,30,Male,High School,31524.744753971598,FALSE,FALSE,10000,12075.637755823982,TRUE,8
132,30,Male,High School,29855.993172985018,FALSE,TRUE,29507.928723288926,12000,TRUE,14
133,40,Female,BA,15000,TRUE,TRUE,10000,37994.220381723804,TRUE,1
134,33,Female,Some College,15000,FALSE,FALSE,26276.48800164384,58374.25861780316,TRUE,2
135,32,Female,BA,49359.347109782735,TRUE,TRUE,44473.85499016268,22515.590770435705,TRUE,20
136,35,Female,BA,46372.55956517305,FALSE,TRUE,35279.39108382951,28254.958775985186,TRUE,2
137,33,Male,High School,52583.27177653141,TRUE,TRUE,49843.84052048376,46227.70771480647,TRUE,14
138,23,Female,High School,39568.20625063606,FALSE,TRUE,30504.327551681938,34714.865626074454,TRUE,13
139,26,Male,High School,39901.23508569297,TRUE,TRUE,54886.005814596494,52227.481051872644,FALSE,9
140,47,Female,BA,19119.000896248224,TRUE,TRUE,57478.173661913665,28335.358542302194,TRUE,3
141,25,Female,BA,37763.24464594546,TRUE,TRUE,41167.018930825856,27621.948174346053,TRUE,1
142,30,Female,High School,44830.77397915245,TRUE,TRUE,10000,26840.128770045452,FALSE,19
143,41,Male,Some College,52140.046951390315,FALSE,TRUE,76383.83520243157,37888.432663080646,TRUE,4
144,23,Male,Some College,47566.38558252689,TRUE,TRUE,32648.500739612435,46784.366699794,TRUE,14
145,27,Female,High School,32932.2062225285,TRUE,TRUE,18775.313531670326,47440.51806940381,FALSE,5
146,30,Female,BA,47747.792571001555,TRUE,TRUE,10000,48543.62572229384,TRUE,14
147,55,Male,BA,37384.58112944739,TRUE,TRUE,43943.82406413623,14683.745242476205,TRUE,5
148,36,Male,Some College,57881.37115355215,TRUE,TRUE,32493.75697649912,39894.53207673243,TRUE,10
149,36,Male,Some College,66407.63945677067,FALSE,TRUE,22660.89795240903,58713.74785841903,FALSE,4
150,42,Male,High School,48018.00902392349,TRUE,FALSE,33033.00198175996,51826.20362290172,TRUE,12
151,32,Male,High School,22946.890302664073,FALSE,TRUE,19883.79922155484,39794.99994135825,FALSE,6
152,52,Female,BA,16982.069807881075,TRUE,TRUE,32242.351281600128,27800.78598369212,TRUE,3
153,53,Male,High School,30328.92979523045,FALSE,TRUE,35834.48353381913,22033.894498331603,TRUE,20
154,51,Female,BA,27944.7781802805,FALSE,TRUE,45442.490575485004,12000,TRUE,2
155,40,Female,BA,24164.473160480473,FALSE,TRUE,47085.890863398214,33745.26564235537,TRUE,6
156,36,Male,High School,15000,TRUE,FALSE,36339.15212815338,41534.08036365373,TRUE,18
157,32,Male,Some College,49353.755347070495,TRUE,TRUE,51549.20182813638,34346.09782585387,TRUE,9
158,45,Male,Some College,24519.281906549146,FALSE,TRUE,48416.92007601938,12000,TRUE,19
159,28,Male,BA,27648.638917217406,FALSE,FALSE,11579.122183486945,34715.23740549041,TRUE,3
160,50,Male,High School,36280.30451764666,TRUE,TRUE,36988.109571353685,32712.052762903386,FALSE,19
161,33,Male,Some College,55584.362769251115,FALSE,TRUE,56065.50736705592,18438.4826087243,FALSE,11
162,35,Male,High School,18833.57113566846,TRUE,FALSE,37132.51543989951,58142.390811381985,TRUE,13
163,45,Male,High School,41408.9664053076,FALSE,TRUE,56433.40929258732,59627.31090484267,TRUE,16
164,24,Female,BA,51720.390930614594,TRUE,TRUE,51198.038130035064,49691.846694377295,TRUE,14
165,32,Male,Some College,29976.517543317346,FALSE,TRUE,22106.860655235265,52800.08368143908,TRUE,4
166,27,Female,High School,29468.352026845565,TRUE,FALSE,33957.318281519256,28022.00208800869,TRUE,8
167,44,Male,BA,18295.627468645172,TRUE,TRUE,20449.92948022477,36356.19410276995,TRUE,6
168,53,Female,High School,43894.60081665875,TRUE,TRUE,10000,55006.016377697895,TRUE,6
169,47,Male,High School,53916.089025718946,TRUE,TRUE,56150.3485881164,39900.37261009778,FALSE,16
170,49,Female,Some College,39609.09766391389,FALSE,TRUE,44031.8855837481,71126.50211719642,TRUE,15
171,38,Male,BA,28391.6796235876,TRUE,TRUE,40833.83747264923,42776.23645800703,FALSE,1
172,28,Female,BA,54484.305789177284,FALSE,TRUE,41770.17292307849,39746.79112941198,TRUE,11
173,27,Female,High School,30615.326338497234,FALSE,TRUE,10000,50146.270757539285,FALSE,6
174,35,Female,BA,49169.726339110595,FALSE,TRUE,32091.388969940406,61364.369211822304,TRUE,1
175,51,Female,BA,15000,TRUE,TRUE,27385.90413635218,51107.39848633234,TRUE,1
176,36,Male,High School,18907.25561498901,FALSE,FALSE,41590.78073603407,33919.53169722958,TRUE,8
177,30,Female,BA,15000,FALSE,TRUE,42206.34794365625,37236.42911541981,FALSE,14
178,24,Female,High School,24788.35019318086,FALSE,TRUE,50898.44091304795,40839.802879006034,TRUE,18
179,42,Female,High School,15000,FALSE,FALSE,40036.50508352865,62758.48932420074,TRUE,13
180,53,Female,BA,56962.327399382535,TRUE,FALSE,34593.47975117285,37235.04702983948,TRUE,8
181,39,Female,BA,36539.75447447943,FALSE,TRUE,10000,35878.15458112396,TRUE,5
182,23,Male,High School,41296.51843171331,FALSE,FALSE,27621.5035205478,55148.7171152465,TRUE,13
183,26,Male,BA,66629.43170322427,TRUE,FALSE,33454.4022520563,38115.22301422216,TRUE,19
184,36,Female,Some College,40504.87705883114,TRUE,TRUE,10000,31207.72266433534,TRUE,1
185,33,Female,High School,36411.011508110954,TRUE,TRUE,49885.28623662705,50682.42390814277,TRUE,20
186,23,Female,High School,49130.82154789019,FALSE,FALSE,65986.63120746586,46725.06635696234,TRUE,20
187,36,Female,Some College,15678.259519385645,FALSE,TRUE,23627.524348866697,36187.2163257993,TRUE,4
188,32,Female,High School,35126.570850573604,TRUE,FALSE,55388.703415779426,47582.82670927352,FALSE,10
189,27,Female,Some College,47458.7784711118,TRUE,TRUE,36971.075736623075,62113.66827235447,TRUE,4
190,48,Male,High School,57226.536775731634,TRUE,TRUE,60240.23314494671,22709.675701835065,TRUE,16
191,55,Male,BA,25435.917895542676,FALSE,TRUE,33562.55320719404,45739.56601902999,TRUE,3
192,42,Female,High School,32806.897056580085,FALSE,TRUE,36163.389570754596,50794.16645117696,TRUE,15
193,37,Male,BA,37056.29326707988,FALSE,TRUE,15208.024479863067,12000,TRUE,3
194,26,Male,Some College,15000,FALSE,FALSE,45177.159367486835,55931.95858803782,TRUE,6
195,54,Male,High School,15000,FALSE,TRUE,38053.11626561428,23336.051412880566,TRUE,19
196,44,Male,Some College,38492.531579311224,TRUE,TRUE,46462.14824198251,27720.09271201589,TRUE,19
197,53,Male,High School,23004.531757802528,TRUE,TRUE,54424.41898956596,61732.65210595951,TRUE,17
198,31,Female,High School,18808.71444074408,FALSE,TRUE,40714.25938340181,12000,TRUE,4
199,35,Male,BA,36771.838561044955,FALSE,FALSE,31833.04565246138,49973.29532410107,TRUE,6
200,45,Female,BA,52993.74761907088,FALSE,TRUE,21149.007330491266,18908.750555065042,FALSE,1
201,27,Female,Some College,41799.35827594784,FALSE,FALSE,80007.78226197229,39839.769519883,TRUE,9
202,36,Male,Some College,48876.38825670494,TRUE,TRUE,30558.06311706324,69710.19906979521,TRUE,3
203,46,Female,BA,42169.99821336689,FALSE,TRUE,48951.54238018539,40819.71105732795,FALSE,13
204,35,Female,BA,31874.42007503632,TRUE,TRUE,25820.60873923735,33999.38465109217,TRUE,14
205,31,Male,BA,47016.497486701366,TRUE,TRUE,37054.68319715248,16009.474377931221,TRUE,3
206,31,Male,BA,28806.94560595229,TRUE,TRUE,39573.04093599935,76182.90388133089,TRUE,10
207,30,Male,BA,44091.47886357781,FALSE,TRUE,11790.976158122647,36748.09539686255,TRUE,3
208,30,Female,Some College,29488.07282636734,TRUE,TRUE,68808.59643964711,35258.29686593923,FALSE,1
209,25,Male,Some College,43944.83228530554,FALSE,TRUE,45679.55923962662,69254.06618173934,TRUE,18
210,51,Female,High School,37979.29210341365,TRUE,FALSE,30218.283718952414,12000,TRUE,12
211,54,Female,Some College,33397.0209042885,TRUE,TRUE,53128.54228427965,18031.415530887112,TRUE,10
212,23,Male,Some College,45352.18697038258,TRUE,FALSE,54946.40976185774,27021.097854928747,FALSE,20
213,33,Male,Some College,34840.35148739503,FALSE,FALSE,41136.445882630775,44062.20469537263,TRUE,12
214,50,Female,Some College,18390.608358760404,TRUE,FALSE,19744.31530809396,29141.70201924668,TRUE,2
215,35,Male,BA,28475.80269017853,FALSE,FALSE,49127.88594285192,35474.09117716628,TRUE,17
216,32,Male,High School,66502.59391998439,FALSE,TRUE,43641.09709273372,54080.86596038714,TRUE,5
217,22,Female,Some College,46025.1648090457,TRUE,TRUE,31600.21291898983,12000,TRUE,4
218,22,Male,BA,15000,TRUE,TRUE,51330.758513666944,32099.64782557443,TRUE,5
219,32,Male,High School,48030.28629744723,FALSE,FALSE,30667.743778341868,21028.997442824737,FALSE,1
220,33,Male,Some College,55758.98178308271,FALSE,FALSE,29455.822730165943,12000,TRUE,19
221,35,Female,Some College,37386.285907720034,TRUE,TRUE,39422.324780490744,34513.844302951984,TRUE,17
222,52,Male,BA,25412.39593486282,TRUE,FALSE,62635.50285538101,32672.689194435814,FALSE,11
223,41,Female,Some College,54292.74184659028,FALSE,FALSE,38085.21174208503,42132.15001733368,TRUE,7
224,44,Male,High School,68522.52502700704,FALSE,FALSE,33174.607367958204,54218.85596325092,TRUE,9
225,41,Male,BA,50599.29926536329,FALSE,FALSE,38485.1423261056,13616.112205151787,FALSE,14
226,52,Female,High School,24024.723178445984,TRUE,FALSE,31400.095386524183,53478.1637457813,TRUE,15
227,50,Female,BA,42864.95937497435,FALSE,TRUE,61536.459999861545,12000,FALSE,10
228,36,Female,High School,40662.85037619094,FALSE,FALSE,43053.328212699525,24601.787998353448,TRUE,1
229,22,Male,BA,58938.003380716225,TRUE,TRUE,41027.779652328885,27948.12951835231,TRUE,19
230,30,Male,Some College,23614.78720930454,FALSE,TRUE,43578.45877813987,23769.23348121905,TRUE,11
231,48,Male,High School,29864.291075872785,FALSE,FALSE,41092.02133229808,51771.1701767602,TRUE,20
232,55,Female,BA,28823.391473796135,TRUE,TRUE,41272.64151342027,45730.94135994572,TRUE,18
233,26,Female,BA,52053.887177862125,TRUE,FALSE,10000,35434.35916855864,FALSE,12
234,37,Female,Some College,41074.47744527472,FALSE,FALSE,46583.72311055938,49572.32556665755,TRUE,20
235,38,Male,Some College,46315.666262503895,TRUE,TRUE,35591.79221684436,36603.28863024797,TRUE,20
236,35,Male,BA,54195.555464799916,TRUE,TRUE,59298.936789691055,65508.67645079013,FALSE,5
237,47,Male,Some College,16959.554944738393,FALSE,TRUE,22599.844932390366,45715.53691260587,TRUE,6
238,39,Male,BA,28438.96972164077,TRUE,FALSE,39785.79563141045,23331.152732598945,FALSE,8
239,23,Female,BA,15000,TRUE,TRUE,37426.322914134886,28391.108046952788,TRUE,17
240,25,Male,Some College,54888.46993174854,TRUE,FALSE,30485.91718553226,43885.226950591314,TRUE,4
241,43,Male,Some College,38636.24492161628,TRUE,TRUE,37222.78588585443,66263.54307445932,TRUE,12
242,51,Male,Some College,43222.06400471841,FALSE,FALSE,52041.014998417704,38261.25508771545,FALSE,16
243,25,Male,Some College,40502.11314397054,TRUE,FALSE,20044.195450274685,73626.84975032648,FALSE,18
244,33,Male,Some College,15409.539933617752,TRUE,TRUE,21913.175937957098,40334.04240026963,TRUE,16
245,28,Female,BA,39288.1333439913,FALSE,TRUE,41003.755714599756,33235.30857344101,TRUE,8
246,45,Male,Some College,48469.479391880406,TRUE,TRUE,36142.350198349406,35357.40058444472,TRUE,20
247,44,Female,High School,40447.05242507917,TRUE,FALSE,36441.992016044445,15854.063995252449,FALSE,5
248,36,Male,BA,75302.86959749406,FALSE,FALSE,45075.92428634734,39354.73563873411,FALSE,8
249,30,Female,High School,41249.76534267087,TRUE,FALSE,28606.317051942657,24032.950839661673,TRUE,9
250,44,Female,BA,32819.844749024865,TRUE,TRUE,10000,48658.06381078662,TRUE,8
251,48,Female,High School,15000,TRUE,TRUE,44733.329932956505,48578.580591228354,TRUE,10
252,48,Female,BA,69138.89275804907,TRUE,TRUE,16425.721506639948,46502.19387739615,TRUE,8
253,48,Female,BA,35092.118237639384,TRUE,FALSE,31723.882625892653,12000,TRUE,3
254,49,Female,Some College,21438.851053892595,TRUE,TRUE,15573.55285611898,62796.737527167796,TRUE,3
255,30,Female,Some College,26811.77608468113,FALSE,TRUE,32433.62608097744,57655.82214029094,TRUE,18
256,24,Male,BA,56289.569338755115,FALSE,FALSE,39742.14043319881,36120.589743116165,TRUE,9
257,37,Male,BA,44599.768683238246,FALSE,FALSE,14967.314216658402,47199.9727354017,FALSE,19
258,40,Female,Some College,52864.589752645545,FALSE,FALSE,34718.98838187796,41628.44148918701,TRUE,8
259,41,Male,BA,29971.828558925466,TRUE,FALSE,10000,15173.848756867234,TRUE,3
260,34,Male,BA,61649.591043033906,TRUE,TRUE,32653.67606053346,17860.35507909267,FALSE,5
261,30,Male,High School,54257.59087732388,TRUE,TRUE,24297.664967239692,13016.110416817253,TRUE,10
262,41,Male,BA,26065.966789568924,FALSE,TRUE,43210.37504556583,31331.637338313103,FALSE,11
263,39,Female,High School,40956.209758047364,FALSE,TRUE,51745.090617158465,39792.48612504396,TRUE,14
264,29,Female,Some College,28684.65566010111,TRUE,TRUE,50442.62290977046,49897.382689168495,TRUE,1
265,41,Male,High School,56684.765421068674,FALSE,FALSE,63814.3963485627,34360.89290662658,TRUE,19
266,39,Male,BA,35085.16895739696,FALSE,TRUE,50849.53182198804,61151.855274503534,TRUE,20
267,26,Female,Some College,25529.89046173711,TRUE,TRUE,47266.681626261656,54234.63792446219,TRUE,1
268,52,Female,High School,23417.56485619675,FALSE,TRUE,10000,53681.82427951786,TRUE,8
269,52,Male,BA,46357.13160993554,FALSE,FALSE,34004.97153430218,64087.060518563514,FALSE,15
270,36,Female,Some College,46904.029878808826,TRUE,TRUE,51596.47679180753,59250.90094222539,TRUE,19
271,34,Male,Some College,36226.88797551435,TRUE,TRUE,59936.109003833524,56089.83703129183,FALSE,12
272,29,Male,Some College,27810.299359107492,TRUE,TRUE,38015.93208667829,44690.10085908253,TRUE,20
273,23,Female,BA,41921.92873066498,FALSE,FALSE,45529.227266925474,44975.40412205836,TRUE,7
274,25,Male,High School,57280.924983983954,TRUE,FALSE,26864.03448050595,50315.07353502543,TRUE,9
275,23,Male,Some College,31230.72978149461,FALSE,TRUE,24642.478821276753,13991.11195454148,FALSE,17
276,45,Female,BA,20996.294083236553,TRUE,TRUE,30855.119036717224,58326.80553431559,TRUE,8
277,47,Female,Some College,60980.43540838834,TRUE,TRUE,56423.450745052585,45738.075378009074,TRUE,10
278,43,Female,High School,28691.50282989147,FALSE,TRUE,76219.96178833049,19560.233599313542,TRUE,9
279,27,Female,Some College,16493.212390444372,TRUE,FALSE,55603.921101981905,12000,FALSE,19
280,51,Male,Some College,32500.100606854747,TRUE,FALSE,48154.0418543577,57841.60882753007,FALSE,9
281,22,Male,Some College,40116.474549318555,FALSE,FALSE,34860.38971833377,32202.527025829608,TRUE,17
282,31,Male,BA,50428.37687059511,TRUE,TRUE,32310.445107168707,52940.76367530694,TRUE,2
283,51,Male,BA,37513.42439776736,TRUE,TRUE,41229.322192317035,36949.47747086392,FALSE,19
284,43,Male,High School,58436.693796373926,TRUE,FALSE,24990.565693407854,45322.867844220404,FALSE,15
285,34,Female,Some College,57333.73995142716,FALSE,TRUE,49087.06547738717,44742.854361168764,TRUE,20
286,29,Male,BA,45975.62625881398,TRUE,FALSE,43942.760825564554,50707.37261556543,FALSE,8
287,41,Female,High School,27874.505581035555,TRUE,TRUE,25359.855178670434,34397.555301531145,TRUE,16
288,38,Female,High School,53633.0654214463,FALSE,FALSE,38400.771899331565,26119.283052877217,TRUE,11
289,36,Male,BA,34969.83456955614,FALSE,TRUE,55366.29436772435,30228.253616093512,TRUE,7
290,51,Female,Some College,15000,FALSE,TRUE,23419.526870565885,42993.630535693504,TRUE,9
291,47,Female,High School,16804.763731916428,FALSE,TRUE,58878.08851139138,29303.955966410937,TRUE,1
292,49,Male,High School,26370.352770845395,FALSE,FALSE,35733.88688530405,45741.00152037717,TRUE,19
293,47,Male,BA,39985.474235612564,FALSE,TRUE,56381.49232906426,38992.73528008905,TRUE,3
294,42,Male,Some College,37659.58063598254,TRUE,TRUE,45491.30062580681,67355.85058819366,TRUE,16
295,44,Male,High School,25223.95551578189,TRUE,TRUE,41022.583993764696,41616.68732132049,TRUE,3
296,50,Male,High School,23235.374958580785,FALSE,FALSE,38923.854377332005,68889.23424866328,TRUE,13
297,42,Female,High School,43257.04666821121,FALSE,TRUE,14822.017460488467,24874.051337279525,TRUE,17
298,28,Female,Some College,25402.066569029786,FALSE,FALSE,30655.963754984554,39021.346771149634,TRUE,7
299,30,Male,Some College,33991.22041047781,FALSE,TRUE,43439.65165330409,37507.35712716018,TRUE,15
300,42,Male,BA,19351.896079052196,FALSE,TRUE,43056.735836168686,39787.73222322592,TRUE,19
301,44,Female,Some College,15000,FALSE,TRUE,31806.28462873994,38147.92176154812,TRUE,3
302,48,Male,Some College,15000,FALSE,FALSE,50177.364979328326,23801.28272966997,FALSE,8
303,38,Female,Some College,15000,TRUE,TRUE,42052.5917844927,53839.095131587965,FALSE,12
304,30,Male,Some College,38216.45101916671,FALSE,TRUE,22181.99196949122,50784.2794136377,TRUE,12
305,42,Female,BA,50277.69076101241,FALSE,TRUE,57870.113501689906,39892.39986983999,FALSE,7
306,32,Male,Some College,27608.0833598789,FALSE,FALSE,47898.50331063773,16556.08951330512,TRUE,15
307,46,Male,High School,41397.810682560776,TRUE,FALSE,42430.36468966728,31135.24371916217,FALSE,5
308,55,Female,Some College,28589.65977808192,TRUE,TRUE,33481.80678743212,65986.3185128008,FALSE,16
309,30,Female,High School,56973.06847264299,FALSE,FALSE,23294.157452063493,56234.598365372534,TRUE,1
310,35,Male,BA,19828.181545139432,FALSE,FALSE,34709.96301247448,36954.530669069456,TRUE,14
311,41,Male,BA,31151.530778437496,TRUE,TRUE,41991.35522474034,34149.5072435547,TRUE,6
312,29,Female,Some College,46925.31057364227,TRUE,TRUE,32113.199732008827,44415.41057230723,TRUE,8
313,24,Female,High School,57083.722684835884,TRUE,FALSE,41040.66607617425,37537.73208753709,TRUE,4
314,40,Male,Some College,38866.16887742678,TRUE,FALSE,35159.32669131862,53521.59562432094,TRUE,1
315,42,Female,BA,35102.55967912124,TRUE,TRUE,20903.173323200615,34856.36728139249,FALSE,16
316,31,Male,Some College,37257.897062232485,FALSE,TRUE,30082.290530475824,38699.05173653633,TRUE,2
317,52,Male,High School,26129.542301141275,FALSE,FALSE,41194.51668497694,58308.26416084654,TRUE,16
318,41,Female,Some College,35079.713763663385,TRUE,TRUE,37825.782233087724,34566.661810300386,FALSE,1
319,27,Female,BA,18967.867785280825,TRUE,FALSE,22296.023612119887,30775.42436865808,TRUE,18
320,31,Female,BA,25871.563457725886,TRUE,TRUE,31810.152738173307,31785.49986756262,TRUE,15
321,30,Female,Some College,55609.15777542241,TRUE,TRUE,42707.73066498096,25542.456133982843,TRUE,7
322,36,Female,High School,15000,TRUE,TRUE,48199.410701961024,15882.364873487926,TRUE,11
323,23,Female,Some College,19470.885799441137,TRUE,TRUE,31570.538977861237,12000,TRUE,13
324,36,Male,High School,30157.220431605336,FALSE,TRUE,35517.48692202884,33242.101462593695,TRUE,1
325,22,Female,BA,36030.39407662556,TRUE,TRUE,52473.76972620171,45496.39673291543,TRUE,2
326,32,Male,Some College,28617.380261889663,FALSE,TRUE,19164.014780071957,23375.35199077142,TRUE,8
327,40,Female,High School,47505.52520152661,FALSE,FALSE,47209.57753941782,65977.9290845674,TRUE,1
328,23,Female,BA,48975.03458136365,TRUE,TRUE,13645.152581254039,20121.92836558724,TRUE,16
329,51,Female,High School,39311.14673420578,TRUE,TRUE,15022.27731883157,38522.659867253875,FALSE,14
330,46,Male,BA,25802.876305700232,TRUE,TRUE,53602.82495685071,51107.07294787901,FALSE,8
331,22,Male,Some College,45363.65935862329,FALSE,FALSE,34286.7346328306,46576.793185010545,FALSE,7
332,41,Male,High School,43160.87224577036,TRUE,TRUE,42385.73031701549,44865.21480806546,FALSE,9
333,54,Female,BA,44271.775756229785,FALSE,TRUE,27851.3904991691,36485.33217361979,TRUE,7
334,23,Male,High School,24292.54432718828,TRUE,TRUE,11402.363619743728,29764.339232089606,TRUE,9
335,28,Female,BA,61264.27210362713,TRUE,TRUE,41126.67832078392,15147.067056177739,TRUE,15
336,41,Male,BA,17195.666709380737,FALSE,TRUE,63001.61021843338,25924.18857673748,TRUE,6
337,32,Male,BA,40497.794557469024,FALSE,TRUE,45113.20427156171,12104.390075666948,TRUE,15
338,50,Male,Some College,31685.21652700438,TRUE,TRUE,38413.30580209485,57594.425662350186,TRUE,6
339,54,Female,High School,15000,FALSE,FALSE,10000,51335.917703507854,TRUE,16
340,46,Female,Some College,35265.44324779308,FALSE,TRUE,33008.794505937425,62129.27093698975,TRUE,17
341,23,Female,High School,21069.181304731064,FALSE,FALSE,34617.37519911677,41317.61895725397,TRUE,13
342,45,Female,High School,52411.80059727716,FALSE,TRUE,26547.18760580788,63549.27730279996,TRUE,4
343,49,Female,Some College,36167.63043806308,FALSE,TRUE,32913.010688945586,59152.80537817073,TRUE,19
344,50,Female,Some College,40148.5357800237,FALSE,TRUE,48880.9456134708,40424.06986471211,TRUE,3
345,51,Male,Some College,15462.127930797931,FALSE,TRUE,17621.172663604208,32741.717851367124,TRUE,17
346,31,Female,Some College,30099.896671090606,FALSE,TRUE,41679.28578075976,57323.37890312192,FALSE,15
347,54,Male,Some College,28631.986459195403,FALSE,FALSE,36625.59301577608,26441.190160110556,FALSE,19
348,25,Male,Some College,31691.564617904023,TRUE,FALSE,52220.27262426171,23706.734053450782,TRUE,18
349,36,Male,Some College,62195.683319298296,FALSE,TRUE,35984.54293643397,29922.537002297282,FALSE,9
350,22,Male,High School,48816.79828714658,FALSE,FALSE,52494.971653717956,44190.60197228843,TRUE,11
351,47,Female,Some College,51303.14117601101,TRUE,TRUE,24547.421103832257,51035.85395446421,TRUE,17
352,53,Male,Some College,32711.227800857294,FALSE,FALSE,24814.66613654471,55731.14596761708,TRUE,2
353,28,Female,BA,46420.61792162876,FALSE,TRUE,10156.460400083652,51485.21795511058,TRUE,16
354,30,Female,Some College,33919.90566019439,TRUE,FALSE,27135.031328190686,45978.681716544634,TRUE,9
355,44,Female,BA,38025.966790227365,TRUE,TRUE,40953.35466241607,70153.14566602344,TRUE,5
356,47,Male,BA,22349.359010617554,TRUE,FALSE,20887.9791991518,60894.57310529045,TRUE,7
357,52,Male,Some College,24910.631148591507,TRUE,FALSE,30374.55716991699,32970.65636881386,FALSE,8
358,25,Female,BA,17866.89699168101,FALSE,TRUE,46255.14699583748,12000,TRUE,19
359,27,Female,BA,44883.49590269172,FALSE,FALSE,38655.164985777476,55018.360622899534,TRUE,7
360,53,Male,High School,42336.47293381987,FALSE,TRUE,57400.84238859493,44391.11895193469,TRUE,16
361,34,Male,BA,35210.13885927135,TRUE,TRUE,53894.59832054978,44478.131375544814,TRUE,8
362,29,Female,BA,23978.488965771267,FALSE,FALSE,34575.32358347271,25511.799639870416,TRUE,11
363,38,Female,BA,32758.228534591253,TRUE,TRUE,25117.144751161934,16451.15104551549,TRUE,17
364,45,Female,High School,24002.541341973403,TRUE,FALSE,52993.325427897864,18777.59370084604,TRUE,8
365,30,Male,Some College,31300.850017452674,FALSE,TRUE,10000,43467.225934577444,TRUE,17
366,34,Male,BA,43603.39918714079,TRUE,TRUE,49047.38776148805,37297.480705184054,TRUE,6
367,26,Male,Some College,36638.83504535027,FALSE,FALSE,25686.855110412387,25348.28949569001,TRUE,11
368,44,Male,High School,20466.1525378916,FALSE,FALSE,40579.02462120259,47221.6692181043,TRUE,18
369,29,Male,BA,29920.897597744875,FALSE,TRUE,40948.51881618438,25615.996923007544,TRUE,7
370,24,Male,High School,25293.93952052051,TRUE,TRUE,28672.668832355714,12000,TRUE,18
371,34,Female,High School,54315.66022249913,FALSE,TRUE,28017.813025951666,40110.91545196956,FALSE,15
372,51,Male,Some College,15000,TRUE,TRUE,16689.40523523341,51074.1105796217,TRUE,11
373,35,Male,BA,31506.87966504264,FALSE,FALSE,48721.020029147156,12000,TRUE,14
374,34,Female,Some College,41281.580471464804,TRUE,FALSE,16746.958616314816,48998.475548960254,TRUE,15
375,50,Male,Some College,30104.07155128197,TRUE,TRUE,24561.691187615026,63908.710933732356,TRUE,1
376,44,Female,BA,24750.185492452478,TRUE,FALSE,18136.71639210507,30390.06070643965,TRUE,2
377,49,Male,High School,49226.079082008444,TRUE,TRUE,81132.68576382335,34150.39420202407,TRUE,16
378,55,Male,High School,75317.45481335638,TRUE,FALSE,56312.64743555851,80748.24683864132,TRUE,8
379,33,Female,BA,33131.684151073816,FALSE,TRUE,11723.516879391169,27985.959898239882,TRUE,9
380,27,Male,High School,19905.587934239513,TRUE,TRUE,42690.49276623748,47275.16950801537,TRUE,2
381,37,Male,BA,38251.84494205688,TRUE,FALSE,39250.42303790244,67147.93638342549,TRUE,17
382,23,Male,BA,19325.905352260143,FALSE,TRUE,19718.930853098234,44446.04067009886,TRUE,17
383,28,Female,Some College,25263.897575453746,FALSE,TRUE,44646.910851533015,47930.128389570375,TRUE,16
384,46,Male,BA,35423.420070189255,TRUE,FALSE,41527.91782656037,29937.81116883784,TRUE,9
385,39,Male,BA,29656.401194469174,FALSE,TRUE,30472.160608775375,45984.86692291261,TRUE,6
386,37,Female,High School,28696.827067722137,FALSE,TRUE,38332.10502167079,17727.552181292576,FALSE,20
387,39,Male,BA,18016.244705281602,FALSE,TRUE,58639.49270713765,60576.649388202655,FALSE,15
388,29,Female,High School,34635.93218304857,FALSE,FALSE,69682.66361197672,55931.316191536665,TRUE,9
389,48,Male,High School,18140.18288722511,FALSE,TRUE,30225.35047795576,61307.92284263502,TRUE,19
390,28,Female,BA,65694.43594572041,FALSE,TRUE,43087.79747033681,43693.97345392899,FALSE,15
391,50,Male,High School,50149.31956919609,FALSE,TRUE,35373.73537774109,22193.918357285605,FALSE,15
392,29,Male,High School,29414.336952068054,TRUE,TRUE,35625.27629554128,46266.45686500326,TRUE,20
393,27,Male,BA,23623.95230568611,TRUE,TRUE,17464.044828609552,51127.27323692956,FALSE,10
394,31,Female,High School,54412.00427506836,TRUE,TRUE,66784.51263940975,48208.072960600286,TRUE,1
395,43,Female,Some College,32147.761501158988,TRUE,TRUE,31534.123882334028,20188.7957457112,TRUE,19
396,47,Male,High School,31815.57749994585,TRUE,TRUE,39130.400442605176,55086.836472861374,TRUE,12
397,31,Male,BA,26402.9887471989,FALSE,TRUE,44300.722794364425,70442.75641694356,TRUE,1
398,33,Female,Some College,53135.918440924725,FALSE,TRUE,37260.022816626726,21877.51718443981,TRUE,15
399,33,Male,High School,24945.48045959032,FALSE,TRUE,47716.222523811986,43104.49516699945,FALSE,20
400,39,Male,BA,32219.39038059883,FALSE,FALSE,55682.47336782995,23099.391318608785,FALSE,20
401,36,Male,BA,42727.7648815268,FALSE,TRUE,62034.33792649277,57713.045908308195,TRUE,13
402,47,Female,Some College,60636.76822212302,TRUE,TRUE,13573.50932500178,18180.25092787143,TRUE,10
403,28,Female,BA,41270.30312626999,TRUE,TRUE,31479.239407741363,48293.42758777825,FALSE,3
404,44,Male,High School,37262.28338684196,FALSE,TRUE,38449.57632964566,29149.370651906647,TRUE,8
405,39,Male,BA,41307.49061070238,TRUE,TRUE,32207.34608312497,68784.08003911529,TRUE,8
406,22,Male,BA,53304.64053671137,FALSE,TRUE,66000.15665651378,25584.324241674072,TRUE,15
407,29,Female,Some College,32556.84973344534,TRUE,TRUE,15455.245116099117,22263.128524752774,TRUE,5
408,24,Female,Some College,43582.84214594263,TRUE,FALSE,57602.5760267713,46762.099679080595,TRUE,10
409,50,Female,High School,27070.437107079728,TRUE,TRUE,43517.727565879875,43450.346779816246,TRUE,18
410,54,Female,High School,26214.744669611,FALSE,TRUE,35337.40202739924,53219.29170775972,FALSE,13
411,45,Female,Some College,18864.86264008655,FALSE,FALSE,54500.38296977286,19267.489078126102,TRUE,1
412,52,Female,High School,29893.986951782394,FALSE,TRUE,55802.91818988454,31563.61552622144,FALSE,16
413,31,Female,BA,42707.978618286004,TRUE,FALSE,29816.433003572678,54619.431764855086,TRUE,10
414,45,Female,BA,30232.645347507245,FALSE,TRUE,55713.60895705879,34115.92441877799,TRUE,20
415,30,Male,High School,15000,FALSE,FALSE,46492.57532665776,60415.024099587674,TRUE,9
416,25,Female,High School,44517.30616762669,FALSE,TRUE,36165.664798182996,30136.377070768518,TRUE,4
417,47,Male,BA,52787.21284009513,FALSE,FALSE,44522.65048562274,28830.492869087902,FALSE,15
418,35,Male,High School,15000,FALSE,FALSE,14105.027815091906,31918.145279089174,TRUE,10
419,33,Male,Some College,17181.189169508612,FALSE,TRUE,61953.36382330733,42371.08428539493,TRUE,18
420,38,Male,Some College,54396.41131294778,TRUE,FALSE,35689.1440833699,21774.553125992585,TRUE,20
421,42,Male,Some College,27837.970606761148,TRUE,TRUE,51429.83482287976,12000,FALSE,1
422,49,Male,BA,40759.81672979092,TRUE,TRUE,59059.99246436287,24176.63599928902,FALSE,18
423,29,Female,BA,21585.062397953887,TRUE,TRUE,22426.502354053664,42047.669713659074,TRUE,1
424,24,Male,High School,15000,TRUE,TRUE,22854.470902037334,50815.40456217987,TRUE,9
425,54,Female,Some College,37056.51812181135,FALSE,TRUE,35418.512709210925,41020.96159567231,FALSE,14
426,35,Female,Some College,24902.904793576046,FALSE,FALSE,28697.988973950403,43001.43495432932,TRUE,4
427,44,Male,Some College,18375.02672994665,TRUE,TRUE,10000,76910.00580080654,TRUE,3
428,27,Male,BA,53224.134684245044,TRUE,TRUE,55503.76338232277,36856.98683538406,FALSE,14
429,45,Female,BA,37942.76873341295,TRUE,TRUE,60208.24273718428,28108.21646224191,TRUE,12
430,23,Female,Some College,51671.298152680254,FALSE,TRUE,50760.770352966625,40780.3127232082,FALSE,19
431,40,Male,Some College,77140.33583859885,FALSE,TRUE,41495.414096488865,31837.04722166511,TRUE,7
432,33,Female,Some College,29437.182305938913,FALSE,TRUE,50771.958545333444,48521.39381613368,TRUE,3
433,47,Female,Some College,28096.145439196902,TRUE,TRUE,31853.203133068615,30527.448657493143,FALSE,6
434,53,Female,High School,26568.389395113307,FALSE,FALSE,25204.64798162151,42138.47516463597,TRUE,16
435,30,Female,Some College,43039.61997891669,FALSE,TRUE,41987.16899219281,27260.306090108927,FALSE,5
436,47,Female,BA,54871.27237186573,FALSE,FALSE,67883.69047185201,50474.40696538215,TRUE,20
437,51,Male,BA,29650.874674822204,TRUE,FALSE,51390.98271997018,60342.78798446308,TRUE,1
438,50,Female,BA,30818.91360251545,FALSE,FALSE,50193.48401288752,25661.300710006715,TRUE,2
439,46,Female,High School,33188.07886129205,TRUE,TRUE,29985.434152452573,66446.49595396405,FALSE,10
440,37,Female,BA,47255.308850425114,FALSE,TRUE,25461.57939439457,12000,TRUE,16
441,32,Female,Some College,18681.590164647474,TRUE,TRUE,52843.14268936146,45840.2555913827,TRUE,14
442,32,Male,Some College,36949.813809417654,FALSE,TRUE,64509.95585137606,23377.201004836836,TRUE,11
443,50,Female,High School,43704.90213981853,TRUE,TRUE,17824.86340819769,12000,TRUE,20
444,37,Male,High School,37547.86299360739,FALSE,TRUE,19621.22729951635,43247.458075640185,TRUE,9
445,41,Female,BA,16611.2854974619,FALSE,TRUE,38726.04892074241,52629.12553089418,TRUE,1
446,33,Male,BA,34437.89957342426,TRUE,TRUE,23717.426236176947,22981.152784055037,TRUE,3
447,39,Male,High School,56657.13871952898,FALSE,TRUE,55758.5532861449,52956.33780995308,TRUE,12
448,49,Female,BA,32998.69372440587,TRUE,TRUE,51250.40639885524,44015.92870441909,FALSE,18
449,53,Male,Some College,32132.405816213457,TRUE,FALSE,17856.006235435652,48546.98475723211,TRUE,6
450,40,Male,Some College,43515.12594255412,TRUE,TRUE,76237.6419905821,75374.47634233073,TRUE,8
451,54,Male,Some College,31058.140971705707,FALSE,TRUE,10389.83960899922,60409.06889667269,TRUE,3
452,37,Male,BA,39236.90769747456,FALSE,TRUE,10000,38503.466280626075,FALSE,15
453,34,Male,High School,54974.16690920699,FALSE,FALSE,10000,16683.24377872455,TRUE,7
454,24,Male,BA,23172.315022134448,FALSE,TRUE,61153.13839327209,25925.425773300805,TRUE,1
455,49,Male,Some College,50125.04157650141,FALSE,TRUE,61167.52054630525,24371.17166648123,FALSE,18
456,45,Male,BA,30271.42255439544,TRUE,TRUE,32589.023681084433,44738.58891958931,FALSE,2
457,43,Female,High School,46173.021347874164,TRUE,FALSE,21988.012457139186,27784.231464846394,FALSE,1
458,43,Male,BA,26943.211497538738,FALSE,TRUE,42019.92037185086,37535.49100554725,FALSE,3
459,39,Female,BA,34906.964385956926,FALSE,TRUE,15987.220319011045,27801.655260064817,TRUE,20
460,36,Male,BA,23774.29480383985,FALSE,TRUE,30109.24609231103,23552.58767282449,TRUE,8
461,39,Female,Some College,31100.45656266708,FALSE,FALSE,37340.85440041689,12000,TRUE,4
462,35,Female,BA,51395.289416885134,TRUE,FALSE,39587.84895330394,20619.705388696653,TRUE,4
463,37,Female,Some College,42138.75563440133,FALSE,TRUE,20228.37929545139,59694.91398548426,TRUE,13
464,43,Female,Some College,58101.675535066795,TRUE,FALSE,58251.713480890176,62851.333628146625,TRUE,5
465,26,Female,Some College,36314.63381954765,FALSE,TRUE,20727.881214428588,43513.33596596579,TRUE,18
466,40,Female,BA,28765.79723193262,FALSE,TRUE,40292.05104128804,40391.77641132487,TRUE,15
467,50,Male,High School,19793.21745812076,TRUE,FALSE,41811.36162896781,65354.01098957777,TRUE,2
468,34,Male,BA,27514.551429710784,FALSE,FALSE,41533.11336609863,15811.88046040046,TRUE,20
469,30,Female,High School,40168.52345682583,FALSE,TRUE,44611.073122594695,49640.113118182424,TRUE,9
470,29,Male,High School,38937.28296565498,TRUE,TRUE,68855.3616531711,52834.149528540554,TRUE,4
471,37,Male,Some College,25424.611718593344,TRUE,TRUE,62223.032549640666,51624.61262937777,TRUE,6
472,28,Female,Some College,50701.14770102028,TRUE,TRUE,32503.806469635492,13952.487769486861,TRUE,11
473,46,Male,High School,15000,TRUE,TRUE,49663.70935516079,21713.128117347467,FALSE,17
474,46,Male,Some College,35541.893278440235,TRUE,TRUE,20836.158212280723,27691.89811653308,TRUE,3
475,46,Female,High School,20170.903927758223,TRUE,TRUE,27375.116590327783,34943.67470613974,TRUE,9
476,36,Male,BA,51133.950240551196,FALSE,TRUE,30038.981629381346,49966.09301481617,FALSE,15
477,53,Female,Some College,29399.925900869268,FALSE,FALSE,25966.118766810327,55278.89281299322,TRUE,15
478,26,Female,BA,15000,FALSE,TRUE,37253.47917721273,68960.10437268789,TRUE,8
479,36,Female,High School,24333.95368579156,TRUE,FALSE,17253.126317775033,42750.553555850434,FALSE,20
480,40,Male,Some College,37160.294479310905,TRUE,FALSE,54432.92893581705,28097.79745111354,TRUE,2
481,42,Female,Some College,58200.29657885714,FALSE,TRUE,60922.464458287635,27111.17113295297,FALSE,6
482,36,Male,High School,40992.07596461804,FALSE,FALSE,21861.317248849773,22056.51652192279,TRUE,11
483,28,Male,Some College,48687.77041400459,TRUE,TRUE,19155.443672418623,48884.58735649169,TRUE,6
484,37,Female,BA,39884.010306502154,TRUE,TRUE,48878.47458490457,29411.04205755341,TRUE,11
485,23,Female,High School,19570.08738861581,FALSE,TRUE,22615.124267337655,35759.15569348049,TRUE,15
486,32,Female,BA,36920.134237281185,FALSE,TRUE,33834.57165817912,47104.44716742258,TRUE,9
487,32,Female,BA,32802.732018726056,FALSE,FALSE,18700.662485120356,46512.65415316215,TRUE,20
488,52,Female,Some College,20189.253410420843,TRUE,FALSE,31897.691903694777,64767.29209701407,TRUE,8
489,50,Male,High School,45714.287789855465,TRUE,TRUE,35588.9742155713,53735.082441303915,FALSE,13
490,53,Male,High School,55968.44248924987,FALSE,TRUE,43407.16190388629,37191.81732060962,TRUE,12
491,37,Female,Some College,19766.587784763524,TRUE,TRUE,41888.59050977271,39798.62582118922,FALSE,2
492,33,Female,High School,48227.210842529305,FALSE,TRUE,33266.11865361872,42000.52879314936,FALSE,11
493,44,Male,BA,52249.514561309275,TRUE,FALSE,38908.16843600949,17730.29219693217,TRUE,3
494,38,Male,BA,36094.16489219613,TRUE,TRUE,24161.02380636741,38706.26646246149,FALSE,16
495,38,Male,High School,15796.38505451899,FALSE,FALSE,28693.22174441421,29795.630790400057,TRUE,14
496,35,Male,High School,15000,FALSE,FALSE,18754.513112820434,33907.15439200236,FALSE,15
497,55,Male,BA,36558.47965392523,TRUE,TRUE,38936.53745896382,65964.8128052326,TRUE,16
498,48,Female,High School,18851.866755560528,FALSE,TRUE,23086.794095820795,25736.626341399307,TRUE,9
499,53,Female,BA,36336.05780409854,FALSE,FALSE,44837.18579204637,58987.988318189484,TRUE,15
500,25,Female,Some College,36279.1975985266,FALSE,TRUE,41197.56780048396,70031.39227494475,FALSE,17
