county_id,county_name,state,population,median_age,pct_college,median_income,unemployment_rate,dem_vote_share_2020,turnout_2020
1,County 1,NE,283363,42.17756581958383,43.18250893964432,80961.12579209429,7.517104086466134,46.7960974550806,54.75303439190611
2,County 2,KY,365881,39.16952861472964,42.55179421626963,54125.69364653197,4.788997029419988,42.951371299568564,75.73556924238801
3,County 3,KY,612761,47.611916554160416,16.031401064246893,56570.75146839791,8.653567040339112,48.175666050519794,58.97275984287262
4,County 4,CT,700633,32.49898583628237,35.617166007868946,68557.12334795059,4.613326865248382,25.27828523889184,75.85744782816619
5,County 5,RI,228297,33.380912146531045,39.63397786603309,38715.01620606523,2.577153789345175,46.37055731145665,77.93041084893048
6,County 6,KY,982323,41.22505647595972,47.3650935315527,92514.0748914174,11.779189103282988,58.61960232723504,76.57439991598949
7,County 7,WV,148858,44.83735412824899,22.242556060664356,42767.40521039854,7.0791369820944965,47.056976705789566,50.168574964627624
8,County 8,IA,433346,43.20000530220568,54.49226736207493,60963.92238936631,10.650099865626544,73.17936617182568,67.2056326083839
9,County 9,AR,240449,46.04405043646693,33.792916730744764,88732.36159136918,3.723327769432217,33.21498928125948,53.16044225823134
10,County 10,RI,12286,34.75074790883809,23.02654033759609,50918.16093122556,7.338675507809967,73.1516457744874,55.42410586262122
11,County 11,PA,363878,32.0093361241743,21.471315294038504,25000,7.129154429305345,30.139327060896903,55.51505266921595
12,County 12,WA,480467,37.66361387446523,29.77776773739606,47922.2912821595,3.6770101408474147,35.7804351602681,71.75557562382892
13,County 13,VT,419789,33.764627166092396,37.82223707064986,77275.39778458721,6.321403638459742,30.544326594099402,75.6745531084016
14,County 14,KY,518677,48.28865340445191,34.64443072210997,55901.51927181884,6.956106024328619,53.7747070658952,61.94383007707074
15,County 15,MI,717047,43.27287450898439,39.36705142376013,76020.92339683727,9.111867018975317,40.87451854720712,71.36245600413531
16,County 16,AL,344280,38.45461115241051,19.594535833457485,60741.28666184147,10.471781173720956,65.88405765360221,52.931730553973466
17,County 17,ME,498994,36.60751905757934,48.92065281397663,86369.93487796435,2.371976289898157,55.43595765484497,54.649165973532945
18,County 18,MN,603543,30.079143047332764,51.789499749429524,65357.68621251663,3.373046007938683,69.52938454924151,64.90259766113013
19,County 19,VT,455616,44.9940457707271,43.2784882793203,65780.16559077901,6.892534960526973,35.50932145444676,69.83647016109899
20,County 20,LA,225511,45.90048278681934,36.504816866945475,28994.48885687327,2.2147058490663767,65.35906863864511,62.36203834647313
21,County 21,NM,392614,39.77818713989109,20.68163743126206,60120.249831882145,9.537347984034568,58.62038906197995,58.988479271065444
22,County 22,IL,803195,35.13595570810139,20.2459560893476,62904.022361806725,10.076918080914766,29.38374620862305,59.920278494246304
23,County 23,UT,920919,38.94137619063258,47.6509323657956,60391.59796685636,9.847462575882673,49.555135623086244,75.83633533678949
24,County 24,AR,224378,40.4552862374112,41.172274922719225,39598.95057430268,2.744152420666069,27.20583766931668,77.62491334695369
25,County 25,AR,482628,35.59454384725541,59.84254673472606,80668.44451429653,7.923591144382954,29.463122016750276,55.06676151882857
26,County 26,GA,31497,44.345248034223914,33.47196823102422,71586.9993641407,10.92320399172604,57.06770080141723,50.69534424692392
27,County 27,MS,215702,42.93148670811206,20.061182545032352,56679.19931166644,5.478640466928482,58.447246777359396,67.47772440547124
28,County 28,RI,928425,30.207315860316157,28.72552422224544,82781.00401936236,9.810559221543372,55.2288468927145,68.64993739873171
29,County 29,ME,829516,42.7349293185398,22.710374834714457,90365.03784564728,6.0558623522520065,64.28160505602136,59.489772205706686
30,County 30,RI,597545,49.12899856455624,25.29990723123774,71300.89338674907,2.5395322805270553,27.735349000431597,79.94055849732831
31,County 31,CA,503990,33.37211640086025,26.860781562281772,53804.40563144359,6.969340288080275,27.038252528291196,78.66563427029178
32,County 32,MD,967126,49.48063621297479,58.674952348228544,70847.1967747895,6.619010156020522,65.0146386702545,72.16572952689603
33,County 33,HI,269244,31.282472731545568,39.031908391043544,57005.41461165385,2.821566821541637,65.53104158956558,65.82715331343934
34,County 34,NM,560496,33.93828758504242,55.11002952000126,34349.71609021891,2.971295889467001,63.96371095906943,77.83258298179135
35,County 35,KY,303469,31.786152333952487,31.98602962307632,47842.765796990025,7.114080565981567,40.36543762777001,74.66153821675107
36,County 36,KS,952251,46.65322899352759,27.838748255744576,58139.151552219875,2.3157247393392026,29.895515739917755,63.00639364635572
37,County 37,CT,48855,48.59805339947343,22.674527362687513,66056.2545543645,10.687650538049638,43.90202279901132,71.14275648025796
38,County 38,WA,756253,49.93882203474641,41.99861592147499,78303.33380495876,4.367670461535454,51.66599114891142,67.56710354471579
39,County 39,NV,220768,30.587533451616764,48.20089941727929,56487.710124342295,11.407278620637953,66.64493792923167,57.81020955648273
40,County 40,HI,12851,32.851130636408925,40.726976960431784,56988.36089201072,4.879794223699719,52.38374500768259,64.24374563619494
41,County 41,FL,479680,39.62771637365222,34.446450682589784,64921.057609752446,4.338255860377103,34.70200994051993,56.80713013280183
42,County 42,MD,812133,45.73653569445014,49.71689250203781,41983.06516465603,10.868727735243738,42.047644581180066,58.34166960325092
43,County 43,MS,836346,43.82990438025445,16.162634374340996,75039.60501643844,7.453539688605815,74.24624668201432,51.03285477263853
44,County 44,ID,495251,33.2132814405486,29.16563316830434,69140.78004077684,6.988644651602954,68.204758153297007,79.80996418511495
45,County 45,IN,942317,32.977968538179994,37.838033605366945,58048.38377650972,4.976953249890357,26.12213313113898,53.59295435016975
46,County 46,KS,343730,35.42241495102644,57.9394570144359,50524.24605495604,7.801225558388978,32.41605099756271,52.24250362953171
47,County 47,DE,305854,38.25784640852362,48.06983619695529,76516.74706625189,4.944159156177193,50.10177801596001,52.105444830376655
48,County 48,HI,722510,37.135364739224315,49.21035826206207,65646.54479628132,4.146756316069514,50.86859683506191,54.89748601568863
49,County 49,IA,417599,30.40110704023391,16.27298558712937,85698.55399113748,10.593039475381374,43.77422936959192,72.67320656683296
50,County 50,NM,723160,38.590960702858865,48.057853386271745,42598.15092094606,6.390198367182165,35.12056370964274,59.26891546230763
51,County 51,NH,289193,34.41293927375227,40.45593072893098,33957.23785760796,9.71812854334712,61.733958835247904,56.22617693152279
52,County 52,NV,337284,48.76076226122677,30.049516854342073,72674.1622473281,6.021159128751606,39.79030825430527,66.87012504320592
53,County 53,MS,753336,48.85559594724327,28.85658759973012,53011.09419892914,2.3718270175158978,46.8472103937529,75.37053638137877
54,County 54,KS,916430,47.522030868567526,53.01668024738319,88333.79632387598,6.165414583403617,64.84567391453311,78.9597751526162
55,County 55,NC,54728,39.00393760763109,31.034108593594283,63704.29466604689,4.29079972486943,34.59370781201869,60.84046356379986
56,County 56,AZ,497533,47.106879595667124,48.999478662153706,42667.555658143676,8.353751691058278,58.26624461915344,73.92847976414487
57,County 57,MD,346860,34.93478583171964,48.39966305997223,42423.69885072887,6.651673729531467,69.60004753200337,55.96839283360168
58,County 58,KY,115252,43.502208050340414,48.087526224553585,74379.060401151,7.877291865181178,44.188026629853994,58.71065678074956
59,County 59,MS,524184,37.78476235922426,39.969965040218085,48113.92328860868,2.992882528807968,62.41726849693805,61.43169425660744
60,County 60,HI,498233,46.484635192900896,25.352938463911414,59201.90723317842,2.0085085001774132,31.69242081930861,55.25021364213899
61,County 61,GA,692216,49.58946748636663,50.709653694648296,32137.77230793752,11.537317857611924,59.4376654480584,67.50938648590818
62,County 62,FL,204635,38.590801381506026,43.25474458979443,32154.801072771214,7.52056937944144,51.58740980550647,58.211462115868926
63,County 63,GA,23496,38.50441602990031,43.87210782151669,79562.1141828501,2.0760707212612033,51.22152033727616,52.057782982010394
64,County 64,MT,166232,36.06895310804248,34.978853644570336,44570.3446123539,7.765854569617659,34.01674771448597,68.36164253065363
65,County 65,SC,355876,44.23090275377035,52.8349623887334,75299.6517137192,6.052202044986188,52.34070597216487,76.18672837270424
66,County 66,SD,466570,33.505053226836026,38.54518212843686,25000,5.244539506267756,38.780811661854386,72.55407152464613
67,County 67,AK,720259,41.16536566056311,22.768236390547827,91684.39424448802,8.123711324762553,50.45876442454755,72.87922669900581
68,County 68,MO,313802,33.57237548567355,39.40435598487966,54584.24589945091,10.82715902524069,29.302519001066685,61.01959092542529
69,County 69,IA,951591,41.95371858775616,44.171871008584276,66196.34817511066,7.997263500466943,38.13671414973214,56.8966141785495
70,County 70,NY,920109,46.26102353911847,19.473879154538736,58262.75017844755,4.3300839914008975,28.931323834694922,50.13323720311746
71,County 71,UT,257546,42.94927567709237,15.220300062792376,102235.79151780061,10.932544824201614,62.70589494379237,67.86685617407784
72,County 72,LA,314704,36.22844099532813,42.27105867234059,35718.96095089735,8.104257458355278,26.570717536378652,51.494929124601185
73,County 73,MD,170599,46.220814948901534,38.237999354023486,42124.29781858844,7.00693294685334,44.57558407448232,50.890443918760866
74,County 74,WA,179609,32.32808493077755,19.17207064689137,49996.17614627109,9.993734767660499,43.030502810142934,60.56805019499734
75,County 75,MA,340082,42.950171385891736,34.368937503313646,44825.33029607229,3.830350258387625,31.4355984213762,75.76594916405156
76,County 76,MS,338033,48.944304562173784,41.36913703638129,52209.817445665656,7.886645310092717,27.279339032247663,66.98829844361171
77,County 77,IN,254408,41.757800853811204,48.39625575346872,59963.157669018714,3.962358944583684,60.97476268187165,56.29281202098355
78,County 78,SC,463764,48.880749945528805,57.46084435028024,57145.65822488363,6.2430583643727005,74.71953369677067,76.28669142490253
79,County 79,FL,748536,32.00720342807472,18.20100604207255,58184.75411693838,4.45558796916157,39.64875128585845,66.84946846449748
80,County 80,WA,137010,47.54561379086226,54.5261432218831,60231.8742794795,3.1781544191762805,51.63977846968919,66.24160598730668
81,County 81,GA,584013,36.39354960992932,30.80851059174165,40772.65941602297,9.688859479967505,57.85435058642179,59.49588078306988
82,County 82,IN,463924,39.31132753379643,44.08025935292244,81524.72584195509,10.585869965609163,32.55289699882269,75.67588648060337
83,County 83,WV,201684,40.13696168549359,56.10186913283542,85196.05267943724,7.407422070857137,60.29993871925399,60.38422581041232
84,County 84,KY,428502,30.977690354920924,21.49080789182335,26272.53780870897,4.259320488665253,68.84623788064346,73.82608352927491
85,County 85,FL,907790,41.54210295993835,55.06840082933195,70853.10919873323,11.854875020682812,43.51663038833067,62.7959137968719
86,County 86,ID,546715,46.49200237356126,28.60079810838215,101626.65354492149,10.358478515874594,45.94961708644405,73.082751755137
87,County 87,TN,771369,37.77034284546971,59.72310431068763,57761.198749751595,7.986868946347386,61.141477432101965,55.842559156008065
88,County 88,OK,949747,41.1735804611817,37.99546226975508,90895.49762445372,9.732658055610955,46.38044018065557,72.52551037119702
89,County 89,VA,980590,36.30740380380303,31.011734182247892,57192.76140620057,7.080310243647546,47.940971911884844,62.55619712872431
90,County 90,WA,119317,35.21122485399246,26.33988367393613,42687.37457910544,9.580275090876967,37.95240167528391,60.82885713549331
91,County 91,OH,373035,42.93402748648077,45.82449596724473,57866.22528415268,7.242732781916857,48.512955009937286,64.58855804987252
92,County 92,CT,382771,40.535076977685094,38.582377483835444,73971.72310691874,5.984587627928704,40.61266827629879,59.99568097060546
93,County 93,LA,334214,37.60576784610748,52.83857989241369,74014.1809234453,10.210803777910769,48.239170922897756,59.24224409973249
94,County 94,CA,338338,37.11605943739414,22.48342633014545,90850.71080119371,2.1116200629621744,29.812563757877797,71.26116435742006
95,County 95,UT,585377,34.07185835298151,22.49973533442244,75746.8307841921,7.916733262129128,56.531297496985644,69.00116367964074
96,County 96,NE,210944,47.01464239973575,46.56268276157789,47822.124912473235,9.380822054110467,45.895791600923985,53.13061487162486
97,County 97,UT,776884,41.786581543274224,23.63870729226619,63535.4709235282,2.8841461478732526,33.22927424451336,50.17902042949572
98,County 98,CO,611659,31.82803996372968,35.3356013156008,68192.34607380266,5.241069617215544,31.586319336201996,76.5072943852283
99,County 99,WA,39909,30.4770969459787,45.1635695330333,68647.65153385613,7.6686333497054875,69.55046446528286,62.195381440687925
100,County 100,MO,135694,47.822760180570185,25.532336285104975,97950.74904617213,3.4752670540474355,54.97087886324152,73.0507091153413
101,County 101,DE,632843,36.104518813081086,30.571246594190598,57498.10556393303,3.6162275057286024,57.49817448668182,50.33671284792945
102,County 102,AL,846416,37.191324164159596,25.388754210434854,64372.250400017125,3.274043428711593,72.43317299289629,67.63656983850524
103,County 103,HI,95852,43.852987443096936,29.668089392362162,91523.53089974422,2.8435589191503823,37.40303189260885,72.97179523622617
104,County 104,CT,141133,44.83108492568135,30.488810073584318,39735.28414957957,4.896819626912475,58.32434187177569,60.80721034668386
105,County 105,AZ,484757,37.583899036981165,30.558033445850015,43890.122327807985,2.5413648020476103,25.676239631138742,54.04539478709921
106,County 106,MS,443683,34.556252867914736,41.32127138203941,77421.7799289358,5.499616228509694,53.341979009564966,73.50594309391454
107,County 107,AR,499725,43.04915186483413,28.853257312439382,45249.814853116055,3.3468766445294023,30.195221956819296,65.91113533824682
108,County 108,AR,284765,44.892423609271646,40.11138619738631,79328.51566157218,10.37530464399606,68.38006604230031,61.16572993109003
109,County 109,WV,812948,45.294352071359754,21.549293228890747,34103.7550494184,8.255082383286208,45.83764378912747,70.32391684828326
110,County 110,NY,309320,31.092015570029616,35.11968933627941,42853.86837813345,8.172319285105914,55.000889825169,69.27839190000668
111,County 111,PA,110198,38.98826514836401,52.87056234315969,82627.64495163325,8.656559880357236,71.17302865954116,50.08485641796142
112,County 112,DE,338594,32.885160986334085,23.94028081325814,53832.75018733817,4.989308265969157,28.04518862394616,57.76973761385307
113,County 113,SD,873669,31.87274985946715,15.714504785137251,48899.373215575586,5.1848434172570705,43.58048384310678,53.95337952533737
114,County 114,TN,40891,48.14121564850211,55.13199814246036,32861.91879665111,7.5584157281555235,65.42524242540821,57.65908138360828
115,County 115,MT,390677,46.9895700737834,35.958897509844974,41010.732124119095,8.009262592997402,36.698694759979844,71.23095805291086
116,County 116,OH,470071,30.09570227470249,42.379589503398165,63135.370909531135,10.259701838251203,35.711823345627636,69.95816041948274
117,County 117,NM,958367,49.063058169558644,52.503102977061644,41721.55185810143,8.482887235470116,40.438288543373346,79.46829819818959
118,County 118,MN,278543,45.105031854473054,29.206941492157057,64423.440495855226,4.6254529086872935,39.75397620815784,69.48074139421806
119,County 119,NC,847967,48.445438062772155,55.487734149210155,47021.01711033566,6.533662663307041,67.10091303102672,75.83764956332743
120,County 120,NM,490191,40.10802370030433,35.27615663828328,55168.46083965549,11.004770338069648,39.01429726975039,72.19175739679486
121,County 121,LA,32725,36.38365414459258,34.83497629640624,103504.26825922295,10.205986437387764,28.287335042841733,51.31243197247386
122,County 122,CT,88725,32.195360688492656,46.31794341607019,32378.29158089388,4.793943542055786,40.694319584872574,62.35535298939794
123,County 123,PA,276083,44.16341899894178,26.688857789849862,69796.3392983526,10.205942169297487,36.50848619872704,67.41704555228353
124,County 124,MA,16536,35.80479461699724,16.628776201978326,41133.2353262865,6.076269865036011,32.905234093777835,62.306912783533335
125,County 125,ID,227953,34.021640960127115,23.18345839739777,43662.857453686156,4.178165828809142,40.10226291138679,75.29625793918967
126,County 126,IL,252706,42.06159164663404,19.77634581970051,67960.90995463355,7.668624769896269,63.65361628122628,77.47669982723892
127,County 127,GA,445054,41.51288500055671,55.7781678379979,96636.74747989986,9.840761025436223,26.43215290736407,50.2099442249164
128,County 128,IL,531734,38.613988724537194,22.858763323165476,75814.51114659678,10.346388845238835,62.21884168917313,63.64797587040812
129,County 129,VT,377321,31.345486608333886,40.438481031451374,80528.13173063686,8.731558861210942,72.74911404820159,76.60043034236878
130,County 130,DE,95873,43.444888298399746,51.20823025004938,75695.00630640796,11.573906713631004,44.60541544249281,71.08173753134906
131,County 131,KS,187402,43.33557263482362,42.95977995847352,54803.22181211596,2.792540207039565,68.54709717445076,53.38418411556631
132,County 132,MS,361817,43.17043676041067,33.954539112746716,73590.71293669686,10.010545582510531,36.197735962923616,57.17732838355005
133,County 133,NY,987152,33.73523103073239,37.82205871422775,68787.62480538865,3.8200251273810863,65.72326802415773,55.73066889308393
134,County 134,NH,700032,49.76400088984519,48.74540638178587,62753.83757974033,2.306198298931122,57.651691301725805,51.13832604140043
135,County 135,OR,337072,34.50102162081748,33.75161736505106,25000,4.281120328698307,73.5524153104052,55.25999300414696
136,County 136,TX,797192,36.30509237293154,29.935264735249802,83577.57285940179,3.813216812442988,54.331050580367446,73.64108191337436
137,County 137,IA,803088,33.84031971450895,48.196004637284204,70942.93213270795,3.8149950867518783,42.93880061013624,58.42948155011982
138,County 138,DE,453830,44.317287229932845,55.29269844177179,52942.133968348346,6.515757644549012,59.27411565789953,60.726445582695305
139,County 139,NJ,254603,45.301849422976375,31.47633807733655,70286.29721608204,3.8004698515869677,33.17773148883134,55.51155645167455
140,County 140,IL,108052,38.23346816468984,54.10827004001476,38886.68710587356,4.655937997624278,62.30759934987873,70.32265052432194
141,County 141,VT,11121,33.17302639130503,48.72832912369631,49037.281174926844,7.560693135485053,30.51989983068779,62.1066175121814
142,County 142,OR,678202,31.81248066946864,43.36771134403534,25000,5.156957672908902,46.46062337560579,73.5052041313611
143,County 143,MA,131588,42.436955724842846,30.121434275060892,82284.38986175052,7.518562740180641,52.643111650832,62.92311737779528
144,County 144,HI,130723,43.09601523913443,19.677479322999716,66395.42702641334,7.263712641317397,56.17459692293778,60.25914049707353
145,County 145,RI,291442,41.763669052161276,21.75860517192632,64330.649622032804,10.023468097671866,74.77953985799104,60.58785823872313
146,County 146,MT,687454,30.960144330747426,33.34203426260501,44415.55534998624,3.8554563517682254,33.46977438777685,55.07292770780623
147,County 147,SC,996878,37.65952135436237,51.079720304114744,25924.81835356041,8.54226363170892,50.104928808286786,66.37728093424812
148,County 148,CO,760882,45.53878002334386,18.86099167051725,85655.76621511873,4.901593439746648,70.94358783215284,68.33097841357812
149,County 149,VA,184106,38.609217279590666,31.25077900942415,40452.00318892115,2.120171543676406,36.15229014540091,66.16695871343836
150,County 150,OR,843959,40.64485633280128,17.589582834625617,60041.99298783335,9.392913403455168,63.61880286131054,58.96742316195741
151,County 151,AL,270656,43.311278340406716,38.55017858091742,43707.043159756126,3.6960873431526124,65.53811189951375,61.941799470223486
152,County 152,NV,922351,44.727897979319096,24.116334579885006,52398.70532127254,2.0061478721909225,73.66690131602809,58.726708153262734
153,County 153,WA,390266,47.69579941406846,21.664915191940963,65792.22715582723,9.186275927815586,48.33150078775361,61.66146685834974
154,County 154,DE,606913,33.66114517208189,51.24037190456875,67660.01753200819,7.539747017901391,28.375996428076178,68.68218574440107
155,County 155,MN,109448,38.03948282729834,29.367380548501387,50235.50129239051,3.198287217412144,72.56744155893102,59.420358131174
156,County 156,OR,650976,37.31162690091878,54.269460764480755,27203.95975911441,3.8558030552230775,72.87926380522549,63.60115256160498
157,County 157,SC,743668,43.47551578655839,59.4609609071631,27927.484024038982,11.9613629700616,53.7226076121442,70.43251430150121
158,County 158,MA,675433,33.080950430594385,41.79704896174371,63417.323546953565,8.271086120977998,36.57014671480283,75.3278631484136
159,County 159,AL,472771,40.52238788921386,35.226005982840434,65570.74492033898,8.725734660867602,70.86897707777098,61.59209284931421
160,County 160,OH,697524,46.99811917729676,48.56500138062984,53627.63672054659,4.314202489797026,34.92293304298073,56.510230626445264
161,County 161,MA,937857,35.33175297547132,40.843582089291885,59540.46523240391,7.58038170915097,38.24833987746388,58.60673251096159
162,County 162,MO,218897,31.45815957803279,25.06932961405255,78895.59598508473,5.823528855573386,44.923410983756185,62.91859131772071
163,County 163,PA,95433,43.30430883914232,26.6816974862013,57882.17230802827,10.963929198216647,40.346234827302396,69.56447303062305
164,County 164,KY,303771,45.93511442653835,34.22961141332053,88724.89868148135,9.506960425525904,25.832031678874046,79.3614526744932
165,County 165,PA,902823,48.66212069056928,40.80245565273799,76911.8719445599,4.553216838277876,64.72648393828422,53.43171496177092
166,County 166,HI,22893,42.30703996960074,19.764601107453927,54906.40681863463,10.298448675777763,53.63316199509427,52.389991527888924
167,County 167,MN,38290,47.59210157208145,16.10810659476556,54862.31119408981,8.491712885908782,60.70697701070458,50.26477758074179
168,County 168,CA,261755,46.33468192536384,34.43086175713688,65450.98482961453,8.827503161039203,44.88133575068787,52.45168037246913
169,County 169,NY,122961,33.86034013237804,37.96599692548625,45255.619562350585,9.115029564592987,51.86818257207051,64.96006451314315
170,County 170,KS,533914,42.01114737428725,59.42089107236825,69524.42529568003,2.6944535323418677,66.96825065882877,58.132603836711496
171,County 171,DE,482110,34.257062720134854,23.231985572492704,90687.69644592881,7.095767949242145,72.9090913082473,78.41852237470448
172,County 172,LA,897522,46.00764323491603,42.67036472330801,63146.80093861735,10.210047041065991,45.015855657402426,61.52591247810051
173,County 173,CT,958608,37.41063182242215,18.405374988215044,68734.02450620098,2.93945573316887,43.12990173930302,61.43286707345396
174,County 174,LA,467063,38.77826776355505,39.86329322098754,70819.35212262295,3.73852490959689,71.61747529171407,70.36084800958633
175,County 175,IA,422665,31.788942418061197,35.86397396516986,57877.028784493166,2.8457513665780425,35.74741509510204,72.67773739760742
176,County 176,IL,680688,33.34359074477106,56.853194067953154,36017.05517796473,11.95704259723425,34.2658314621076,51.86418700264767
177,County 177,AZ,194638,49.9559230171144,38.94035277888179,30547.883856020148,4.528664972633123,25.951966538559645,76.91234377212822
178,County 178,MI,919950,30.396351614035666,58.46802004845813,58281.15137701604,10.70802722638473,66.6193348588422,75.13913799077272
179,County 179,NM,654506,38.16326906904578,22.73959024110809,61334.9434319015,3.083197081461549,67.94121332932264,74.6586252329871
180,County 180,NV,86422,48.84751036763191,38.580044705886394,53308.22928834037,10.918935530818999,74.03238178230822,72.07176121883094
181,County 181,RI,623815,44.913118300028145,28.11936214682646,67207.41395533868,5.249280236195773,52.079916454385966,58.19169825874269
182,County 182,IA,468264,48.009124053642154,51.973181404173374,54263.48355294169,11.656235701404512,61.76311218878254,65.6859301473014
183,County 183,AR,536339,30.583936064504087,55.050528830615804,62949.41947059348,11.15468579158187,28.73605553759262,70.48053088597953
184,County 184,WA,597594,30.782070327550173,25.640634885057807,47619.749946417636,6.7159240138717,54.034708673134446,60.54131049895659
185,County 185,MN,913871,31.691272626630962,52.12938463431783,53665.142719161544,7.7650972180999815,72.05344846006483,71.23442377429456
186,County 186,IN,879525,47.24393881857395,15.708588303532451,82489.49926630674,4.229164661839604,49.22733827261254,57.89917546091601
187,County 187,AL,494110,42.29190887417644,17.89309606421739,71819.31410087123,5.966965868603438,37.590084865223616,63.00717857666314
188,County 188,VA,544787,35.699035972356796,35.689237907063216,26808.88901478952,5.641329596284777,41.18937136372551,64.18782362481579
189,County 189,NV,426587,38.81573555059731,42.14067868189886,44254.83106806716,8.57711133128032,70.26194609934464,71.3160791574046
190,County 190,WI,839257,43.949328758753836,27.980999001301825,68464.49179912797,9.171641918830574,51.90555419540033,79.18077969690785
191,County 191,WA,582980,46.28753814380616,33.192233664449304,73748.10949384561,8.957207799423486,74.19727513333783,54.110138297546655
192,County 192,WV,798024,36.033216384239495,53.69833207922056,38662.39944186301,9.586517417803407,31.418235111050308,67.7270215889439
193,County 193,VA,820044,43.3957342710346,36.75829212530516,94562.5730514815,4.621902523096651,45.85012207971886,62.21301949350163
194,County 194,CA,296567,48.92694572452456,52.54943282576278,30588.96656844891,7.1262158853933215,74.8794624931179,67.57780173793435
195,County 195,CO,746387,38.904166421853006,58.37674523005262,36445.43174643184,3.5341510251164436,68.44134900020435,55.74109490495175
196,County 196,NH,455041,48.19624599535018,46.19397490052506,25000,8.509039420634508,49.01670487597585,50.45415336964652
197,County 197,UT,197824,40.36416704300791,24.044757914962247,55629.54962700489,11.079966340214014,30.31829826068133,69.71956697525457
198,County 198,MA,582011,47.44526092894375,46.63423065561801,44047.169012073675,10.553296572063118,36.983223585411906,71.56215553870425
199,County 199,HI,808640,47.51585368067026,30.09718877146952,56385.02150137483,11.530755961313844,25.732925802003592,67.42227284936234
200,County 200,IL,503034,36.53403696138412,44.92103660828434,73312.75917622543,4.63759040273726,35.661632753908634,58.37311582174152
201,County 201,CO,384630,44.81709335464984,16.135597267420962,72084.98789682942,5.18101070355624,39.244511316064745,67.77690047165379
202,County 202,NH,774272,37.28006205521524,40.10283475974575,78111.87726872548,8.565292996820062,66.13262661267072,64.67414220562205
203,County 203,NM,344506,32.61914829257876,37.18752392800525,40582.07594365217,2.6549653713591397,54.734316596295685,77.35746886115521
204,County 204,LA,494441,41.29465359263122,35.80409853137098,36655.64300283266,2.2903671003878117,44.01989164762199,63.42143315123394
205,County 205,RI,25807,37.247516149654984,16.836023106006905,25000,2.7455690461210907,42.11513134650886,66.92630607634783
206,County 206,ME,633735,36.06928567867726,29.717907422455028,36502.98858747456,8.160020870156586,71.40450311126187,58.08540360070765
207,County 207,VA,631823,36.284716413356364,56.01536942180246,119002.49375680798,8.993379273917526,58.97562181344256,70.35195365780964
208,County 208,NE,611638,32.47106922790408,34.20493233483285,99342.79871149301,10.520327613223344,70.21523972507566,76.0032294713892
209,County 209,NE,533626,43.91987441107631,21.630326556041837,38592.01933110279,5.678722446784377,37.82270037336275,72.07310033263639
210,County 210,KY,987875,38.47880476620048,33.720826401840895,91598.43877055048,9.528344804886729,65.56448541814461,76.47841355996206
211,County 211,RI,593243,37.995854979380965,34.17482768185437,30960.907347629283,8.285148574970663,53.857351664919406,61.03108417708427
212,County 212,VA,80068,32.86058420781046,30.65344238653779,62948.82243530999,6.665772537700832,54.30317227728665,62.69101343350485
213,County 213,RI,458350,47.55613630171865,19.551226068288088,69003.32830185433,3.6213700571097434,46.55304914340377,71.09772586496547
214,County 214,AR,372582,42.57133611943573,43.54544702335261,100988.69980355585,9.629441076423973,34.218001062981784,53.04727441864088
215,County 215,MI,796766,34.6471810573712,52.7427538682241,64486.78971958167,11.900830823462456,34.181780472863466,67.63854344142601
216,County 216,NV,559224,36.429523951373994,45.169043596833944,61360.1866495724,11.61219830205664,56.46530984668061,56.67421871330589
217,County 217,NV,448881,43.4680916974321,52.390326366294175,32893.967722962516,6.018196300603449,46.23054604744539,51.47177821025252
218,County 218,FL,76792,37.46418328490108,59.67732327757403,77036.88121931566,6.696658996399492,39.39792145974934,79.21841456787661
219,County 219,SD,959500,43.27544876374304,43.24349829694256,83068.97368419397,4.586062045302242,40.46458330703899,78.25673549436033
220,County 220,UT,358203,30.960440221242607,46.22382127563469,40376.905740800205,2.0892552197910845,30.846357624977827,53.22836219565943
221,County 221,NY,990931,39.88681558985263,23.015248174779117,55721.64110914372,7.1137594087049365,69.84380105277523,64.43950976245105
222,County 222,TN,301456,49.12354100961238,44.163240938214585,33154.866740831625,8.659190459176898,69.69552414957434,65.58552960166708
223,County 223,MN,950443,41.03967234957963,19.613499166443944,61529.65308551382,2.087608308531344,41.55481535708532,51.80180032271892
224,County 224,AL,181718,38.97675620391965,44.34921745327301,67486.54859828865,9.771356275770813,26.288205268792808,57.17057759175077
225,County 225,KS,741841,34.98457847163081,53.47500830772333,55313.61151145207,3.751965545117855,44.018624862656,73.8039945741184
226,County 226,NH,576997,37.793583679012954,19.612495423061773,37655.215085995354,8.781352567486465,74.8590117204003,54.10599655471742
227,County 227,TX,902429,36.4899816038087,52.7511715516448,68793.64575691753,3.787141931708902,62.15838094940409,55.81826439825818
228,County 228,ME,863495,47.59897690732032,34.911928579676896,47366.99669314693,11.49126090388745,42.59545826353133,72.00476261321455
229,County 229,PA,232299,31.641070935875177,20.746942881960422,70458.45385717266,2.931289850268513,35.749063454568386,58.67514587007463
230,County 230,MT,946205,33.14568402711302,26.13768992596306,85487.51986135011,4.746675219386816,50.10792185785249,70.12084757210687
231,County 231,OH,686498,31.760364235378802,38.15310851787217,55624.30180484793,7.421363220084459,41.372051485814154,51.89726264914498
232,County 232,ID,682087,34.67201096005738,21.42676117247902,92991.77566205472,7.75684160226956,74.61419823812321,64.19639914296567
233,County 233,TN,921426,41.80391336325556,50.31686400761828,43139.805484514865,6.035124136134982,53.5928963101469,73.37808431359008
234,County 234,TN,486450,45.28148174285889,17.847063794033602,65052.314006271685,11.546293399762362,63.1784759927541,77.16173127060756
235,County 235,WV,320038,36.283477479591966,50.51655582035892,43470.21716797314,8.026915851980448,55.34500632202253,72.9458470782265
236,County 236,NH,591342,45.885433396324515,50.51618317142129,86902.22657778524,4.239854992367327,46.71050909673795,68.89966330258176
237,County 237,DE,26667,40.50571339670569,46.468989942222834,39185.773045531816,3.3852424174547195,33.202545903623104,53.819349058903754
238,County 238,NC,627733,30.86588704958558,46.72848366899416,35773.82113148879,4.32972695492208,31.014004431199282,68.43954384094104
239,County 239,MA,338883,31.955781965516508,36.105907059973106,45054.09322768029,11.709930252283812,52.610343450214714,62.06069634761661
240,County 240,NE,837240,40.872536189854145,37.00842849444598,57874.85047934837,5.281019499991089,34.9478576448746,78.11626105569303
241,County 241,NC,194052,48.322706879116595,16.742681415053084,68575.39508381631,5.652233369648457,37.24758202442899,67.3138513462618
242,County 242,NE,378283,41.40615285374224,16.785503290593624,79366.87043335616,2.4228159063495696,54.7593709663488,78.03752270760015
243,County 243,TN,253237,39.66326986439526,28.629738892195746,25000,2.9443031530827284,31.925574911292642,79.73817333811894
244,County 244,IN,62917,41.378393922932446,31.017392249777913,42847.01623584631,6.802716413978487,57.84416146343574,50.35566622391343
245,County 245,IN,40102,44.59465936291963,34.24125060788356,69406.12414266205,3.37184344464913,27.89272596128285,77.60918466374278
246,County 246,VT,47698,47.13755329139531,44.26104326848872,29620.023810589653,3.0738161415793,29.589815519284457,55.952667188830674
247,County 247,LA,253615,46.54677290469408,16.255191582022235,59186.38748711082,8.735241496935487,67.35589321469888,52.92711078422144
248,County 248,RI,618748,31.619193786755204,41.13682617782615,92107.65396328902,2.350579561199993,60.04680194891989,75.0596155715175
249,County 249,VT,127936,42.07615280523896,28.546377858147025,83553.81775774354,4.709626697469503,36.33260595379397,59.55532375955954
250,County 250,OH,960998,36.92078242544085,22.339145885780454,84799.81461498635,9.743148019071668,42.753131967037916,76.78406089544296
251,County 251,MN,257233,38.039724761620164,48.30442074104212,90704.15203472224,4.181431835051626,63.53315063752234,73.45465276855975
252,County 252,MN,52423,31.639335425570607,53.99290191242471,98725.58076738432,3.68754669604823,46.86119977850467,61.77606872981414
253,County 253,GA,752230,40.62342266086489,53.131590901175514,25000,11.821554825175554,49.07263570930809,71.17508585099131
254,County 254,AK,170849,38.37475082371384,17.04853589879349,74190.2539389722,11.029632348101586,59.375820332206786,78.94057403551415
255,County 255,KS,51717,36.00361393764615,33.84240910294466,36755.62072827279,6.5240782224573195,66.14809702150524,66.2848844495602
256,County 256,AZ,302471,32.40540802013129,39.570604611653835,58785.31245244615,6.079691683873534,34.628340671770275,74.11938813515007
257,County 257,CA,29447,49.479083213955164,59.42044954514131,93815.00579754394,6.401321378536522,68.43192203668877,60.714589562267065
258,County 258,WA,341107,38.05700498633087,30.991132333874702,49944.2623483552,7.650963415391743,34.55400102538988,68.6007531452924
259,County 259,OK,783745,46.28117854706943,24.255856544477865,60043.3662755385,4.362329333554953,44.300506997387856,73.55074091581628
260,County 260,DE,677986,42.189199747517705,24.304507289780304,44840.2929438534,11.580259858630598,56.91375368041918,65.62039154348895
261,County 261,IA,31909,47.765753623098135,43.84466074523516,68283.57306470361,5.320929214823991,50.54647068027407,70.42056281818077
262,County 262,NM,492872,44.66838752385229,17.773094661533833,62262.911593759636,8.759751152712852,72.98496230505407,73.40183046180755
263,County 263,AR,905410,30.584428971633315,46.398754958063364,72339.08055329222,6.0372069692239165,36.62901184288785,64.032370201312
264,County 264,AK,564617,38.60391320195049,48.87776905903593,49286.01296737345,5.393183078151196,66.2112255464308,52.61260370723903
265,County 265,GA,950786,48.256724616512656,25.290334563469514,65775.88004070765,9.913640404585749,53.986208839342,65.75572469038889
266,County 266,CA,24552,40.13002025894821,28.620096183149144,63284.59460114486,5.308734113816172,26.025325758382678,61.19029676541686
267,County 267,NH,912325,42.53373234998435,24.730299620423466,32893.94825935006,3.4937710063531995,51.5555263729766,70.10533833410591
268,County 268,LA,438521,39.57871973514557,24.47761554038152,46209.96499776791,7.370854011271149,29.221234959550202,52.329471909906715
269,County 269,PA,140649,33.11492566484958,18.777385560097173,54794.81513761705,8.72549037495628,65.71529197972268,71.14350793883204
270,County 270,NJ,142525,36.86724653933197,18.445997043745592,94306.31626255965,7.233217638451606,65.16209278488532,56.48941756458953
271,County 271,GA,203096,44.91860354319215,29.821551163913682,84287.01260345653,11.559809998609126,57.45867504738271,77.44390363339335
272,County 272,MI,678515,40.088087008334696,56.101660339627415,56581.880974853986,5.85432660812512,33.81566135212779,65.58115650434047
273,County 273,NV,35916,33.91419824678451,15.456202283967286,60990.95372597165,2.345235348213464,29.485355701763183,71.48236586945131
274,County 274,TX,322289,31.212271442636847,46.99622303014621,56342.76948325877,6.012442925013602,73.25903966557235,76.57522176858038
275,County 275,OK,713739,44.64848732575774,22.00246627209708,59811.118038849745,8.176704743411392,55.74676854303107,66.92895864136517
276,County 276,CO,246647,31.62047777324915,42.94921135297045,54076.20779049806,7.509173695463687,39.53650678740814,57.94109671842307
277,County 277,CO,622643,39.526250092312694,38.72046329313889,55959.768761533305,9.35848153475672,28.11081123072654,63.27733914135024
278,County 278,DE,271970,37.54401051905006,39.845826759701595,25134.8464479447,8.886172695085406,52.193503244780004,71.623960982542485
279,County 279,MT,599910,40.84743844810873,38.80656655062921,35870.01058424557,8.297150684986264,72.39355432102457,68.5089875664562
280,County 280,VA,445630,30.80094567500055,31.809338548919186,62429.19355391406,3.6396258235909045,64.1897352063097,60.305999079719186
281,County 281,NJ,970953,47.783609768375754,26.383022657828405,65922.10673080377,11.849688832182437,64.40174918388948,76.74055720446631
282,County 282,IL,827372,44.354066010564566,32.856147604761645,62088.81643791972,4.0501329260878265,46.2721174932085,74.74905328359455
283,County 283,MS,309112,47.07000583410263,40.18995176651515,90258.31156025313,7.61767949257046,52.164292614907026,69.3102956097573
284,County 284,IL,184043,31.675400156527758,52.697444463847205,35840.56865525779,5.794428016990423,58.99383405921981,70.07898536510766
285,County 285,KY,706422,31.790978298522532,24.96746456483379,63890.241957148595,11.102648643311113,39.96340767480433,76.35924550704658
286,County 286,AZ,316368,39.18591137044132,24.308652874315158,47160.08550541747,5.274708695244044,51.85662303119898,63.67817416321486
287,County 287,AL,73572,49.16946818586439,28.548601671354845,67411.1822675868,11.889398822560906,25.104236986953765,55.32197323162109
288,County 288,RI,278914,39.16626255493611,58.97060968098231,69267.0329467909,5.7839216203428805,37.268913618754596,53.76685204682872
289,County 289,TX,958024,46.79311053361744,44.85413987422362,59344.95394940823,3.0337271448224783,36.28491886192933,59.115501628257334
290,County 290,MI,165356,49.32943866588175,24.2121646378655,51055.499380191286,7.072556284721941,40.33561496762559,68.59558274038136
291,County 291,PA,898591,47.470198278315365,35.50196221796796,30885.593077267957,9.057544148992747,33.09558619512245,77.84979169256985
292,County 292,UT,827892,33.32953289151192,56.33608233765699,65518.22943301378,11.533215858973563,34.74649710115045,75.02672892296687
293,County 293,FL,739546,33.11165567487478,18.779366842936724,94518.22716234879,6.92354228394106,53.96179868839681,55.697314157150686
294,County 294,GA,360995,32.056321636773646,27.764295005472377,54678.65452901354,5.074423174839467,51.81674868799746,50.52965763024986
295,County 295,IA,770248,34.537116419523954,40.06654113996774,61150.708172997336,11.29111632751301,31.784323079045862,67.5641279690899
296,County 296,OR,565259,48.96130321081728,46.30986211937852,100633.02805719795,4.194360687863082,48.673729167785496,52.82643605954945
297,County 297,TN,844097,49.181271037086844,22.40398123743944,36648.03445898256,5.847976683173329,49.829359620343894,65.9488693322055
298,County 298,IA,685643,30.737248826771975,21.921428554924205,66395.09216626945,11.17052939767018,36.660962842870504,59.92032211506739
299,County 299,CO,874337,33.57850155327469,37.97708978760056,62674.884796287144,3.8070757086388767,41.66733141755685,66.31188079947606
300,County 300,RI,949376,36.71771713066846,29.39606166095473,61319.21311053198,5.00534674199298,46.808262390550226,79.35483002103865
301,County 301,IL,953827,40.48522811383009,40.9560601785779,85699.18677709629,7.688489840831608,54.63429408846423,77.35182286705822
302,County 302,NE,999214,46.90865317359567,20.772830641362816,58835.55548923717,2.6781998299993575,62.19610854750499,59.39318709541112
303,County 303,VT,801676,33.435567980632186,33.23849249747582,60014.26489798603,5.835749151185155,58.577413694001734,55.29576302040368
304,County 304,VT,280800,39.95451434981078,33.7446357216686,60838.14183460788,2.375066490378231,55.20812593167648,60.84315592888743
305,County 305,SC,393619,32.41433810442686,23.38900213013403,71459.62146191456,10.20382819743827,59.05918376520276,78.3420287980698
306,County 306,KY,583393,41.10303825233132,47.7280029701069,77333.28551067295,3.234449364710599,61.576351104304194,64.597499857191
307,County 307,AR,915504,39.93148372974247,50.125830051256344,115213.74803122485,5.355046808719635,70.765613054391,51.015956779010594
308,County 308,MS,687509,47.97097666654736,56.18590704747476,27199.296485926196,3.157535610254854,50.55176066234708,73.23951908387244
309,County 309,FL,741013,45.538954278454185,45.99108507740311,75148.07652115783,9.660746676847339,61.823050782550126,68.18818661617115
310,County 310,VA,703066,44.191849171184,17.20593525795266,95346.33989169795,6.49880441185087,62.364874908234924,56.672469871118665
311,County 311,KS,461332,30.128936106339097,41.11803489387967,46597.05600599673,10.85158721357584,29.755389923229814,77.1017814334482
312,County 312,WY,233132,31.92599215079099,50.93177804723382,44018.804055627625,2.6593863503076136,27.725417772307992,64.71418295521289
313,County 313,WY,51510,32.63640693388879,30.811831920873374,47262.71818611312,11.474895098246634,58.61412936355919,67.90144770173356
314,County 314,AL,180694,41.391438650898635,55.39489868329838,25000,8.523767560720444,41.97113185655326,54.030810974072665
315,County 315,GA,784043,33.63397149834782,41.021166988648474,75499.25812693832,5.206187314353883,29.062113829422742,56.439904985018075
316,County 316,MT,362897,34.24300733022392,39.3068780656904,72619.42339270038,4.07537230104208,45.094079175032675,78.10980267357081
317,County 317,AZ,967653,39.54233324620873,37.955776357557625,67041.8057075936,5.433447061106563,48.921987996436656,66.08241888694465
318,County 318,CT,226000,45.12039504945278,26.548679679399356,43835.60265999336,5.925829266663641,50.27735012117773,75.49035277450457
319,County 319,AK,711427,41.97988704778254,55.69973719655536,97395.60217064133,8.323050817009062,46.80590903153643,71.75908562261611
320,County 320,HI,614669,41.08213196042925,49.69064659439027,86127.60325559459,8.935768651310354,27.732502261642367,70.08916730992496
321,County 321,OH,176745,34.01388339698315,31.69983437983319,76308.90047050401,10.013763790950179,46.16522260475904,71.03757461765781
322,County 322,AR,920360,40.014368407428265,52.54511648090556,80299.48726919739,8.62286579143256,71.05754094664007,65.53451139479876
323,County 323,MO,760206,44.48245842475444,42.99775856081396,36468.8593932992,7.106124735902995,66.84528921032324,53.78321422729641
324,County 324,MD,402219,30.576019207946956,43.15588461002335,60860.34912615254,2.946723660454154,66.61137251649052,62.20280983252451
325,County 325,CT,952264,38.82019535638392,51.05494818650186,62869.424709460436,4.7506953733973205,41.856124566402286,62.11145919980481
326,County 326,VA,16403,44.21406119596213,50.931607224047184,45665.94824427189,4.229090777691454,53.19093916332349,61.54439378529787
327,County 327,RI,105042,40.57373854331672,33.54216647101566,25000,9.099003598559648,34.68014267273247,75.03373396582901
328,County 328,ND,212247,42.428164379671216,29.432552758371457,39173.603468182206,6.565458500292152,66.81245126528665,72.69308968447149
329,County 329,IN,90388,30.014938176609576,32.90545351104811,71238.59671477503,8.709969006478786,27.31915629701689,56.69855665881187
330,County 330,IA,803616,31.248172684572637,59.187776850303635,54687.3579926468,6.760698203463107,47.132671636063606,58.22710313135758
331,County 331,VT,406056,31.504212487488985,36.69751557405107,106049.56070934764,6.980725217610598,37.37945491448045,64.8830280546099
332,County 332,OK,886147,34.60858331993222,17.095240858616307,50501.22883976436,2.219584011938423,63.126618473324925,69.12846335209906
333,County 333,CA,733064,35.17780065536499,46.38049587258138,67884.3915769077,6.909181997645646,48.85072815231979,65.05477606551722
334,County 334,ND,297337,35.76557522639632,31.783520285971463,47652.996500663234,2.960701711010188,65.33884529490024,73.88735134387389
335,County 335,MD,720907,43.79209038801491,47.930286289192736,42080.221939798364,10.503439715132117,69.91268387064338,61.801663709338754
336,County 336,OH,768259,44.590951818972826,30.43770352494903,39312.24950685647,8.854142947122455,66.87984628370032,76.5025234199129
337,County 337,FL,938335,45.66972365602851,46.764274667948484,97366.0102178495,10.35980516159907,59.229201753623784,72.64948938507587
338,County 338,PA,217431,31.16755082271993,20.291848287452012,35586.61594534214,4.446246384643018,45.83755002822727,70.23701421916485
339,County 339,AL,191878,44.79789606295526,38.4651912690606,35809.06691635551,11.545423125382513,68.6343367327936,68.39563423534855
340,County 340,MO,929332,32.013044715858996,43.075664872303605,59413.7750790078,2.4898151056841016,46.859480207785964,64.85123102553189
341,County 341,GA,106520,30.355203743092716,42.359082454349846,71781.86298142593,10.927106992341578,39.93976576020941,56.683481498621404
342,County 342,OH,145255,43.25792349409312,21.901070934254676,60718.500626760644,5.442304905038327,71.89365614904091,57.92589814867824
343,County 343,WV,307598,37.85523357335478,40.71414918056689,31861.923197358785,11.72061674343422,49.26133365370333,65.86073240498081
344,County 344,PA,340977,40.195495509542525,43.295959319220856,39782.58447187852,2.6473927129991353,29.56279831705615,63.44715845538303
345,County 345,NE,117208,32.94004198163748,16.55458049615845,32459.79209054305,7.334556156303734,28.574454167392105,62.42518580285832
346,County 346,NH,411826,37.3148247320205,39.261699869530275,43282.339263094174,10.218261557631195,63.1259954534471,57.201514155603945
347,County 347,OH,905041,45.43491896241903,18.9934794686269,57642.92197154131,9.326311678625643,28.325414122082293,74.79763912502676
348,County 348,NC,396080,42.133748712949455,35.79401588765904,76783.80545771247,11.773314096964896,65.29438297729939,77.4418213381432
349,County 349,UT,79415,45.793306063860655,39.7025473031681,42220.39097862428,8.089611158240587,38.328438135795295,50.19299246836454
350,County 350,AR,22953,38.01292882300913,25.5156906216871,25000,7.443715522997081,26.641216035932302,67.91330832522362
351,County 351,WI,935435,47.520222971215844,59.00277480483055,43289.31994275152,11.708430944010615,70.89929673820734,61.73264294164255
352,County 352,KY,899406,30.691603398881853,40.33156885067001,35181.90118430704,6.152072477154434,45.22520306054503,67.71279166685417
353,County 353,NH,720052,45.920733395032585,18.903823950095102,68980.79647920225,8.284201540984213,60.21494755987078,67.55364936077967
354,County 354,NM,898909,32.31262205168605,42.24392909207381,69647.61690860929,6.262306501623243,71.84096613200381,78.35022833198309
355,County 355,VT,993008,32.49731630086899,45.105089811841026,85411.80252091943,9.85253293113783,37.45035235770047,77.75838416069746
356,County 356,MN,892096,43.731746822595596,40.68005444831215,82205.23903997682,7.651390214916319,51.995350467041135,78.94931767368689
357,County 357,SD,505483,43.716439893469214,56.10674226656556,59086.18144012621,10.796962941996753,59.8862451617606,53.28826008597389
358,County 358,NE,628675,32.455478492192924,39.8994702170603,66077.16204744468,5.850463037379086,42.90532161248848,59.543998166918755
359,County 359,NV,451138,42.6819903915748,27.404751299181953,59961.42777307845,10.902663521002978,42.80393207445741,74.38168823486194
360,County 360,MA,890973,48.519260147586465,40.05404359661043,55630.057264690055,2.918524053413421,36.429236736148596,64.34441733639687
361,County 361,HI,232914,43.01926256623119,31.858660873258486,106840.59679770948,7.965708040166646,26.52764053782448,73.59719906002283
362,County 362,FL,554708,48.618619460612535,36.82253032922745,72381.15440646179,9.329159427899867,42.539525020401925,72.96727229142562
363,County 363,MI,351869,46.20592533610761,59.83338152174838,46203.82979218579,7.910529776010662,62.43537998525426,54.456586621236056
364,County 364,NM,659466,31.413207668811083,19.06768102082424,82242.46128385824,2.136207800824195,62.31211383128539,59.27495743846521
365,County 365,TX,909910,48.49583876784891,55.479571610921994,34552.17913398161,11.856683476828039,44.549599080346525,57.307353320065886
366,County 366,TN,135442,47.06254540942609,16.520071687409654,68817.07435857106,4.741957632824779,55.57366064749658,72.59695551358163
367,County 367,MN,226761,49.70021025277674,28.664120306493714,63566.506837815534,5.30985770560801,44.69693729188293,52.60894099017605
368,County 368,SD,50337,41.069547734223306,51.28912102198228,69671.0374757825,5.872898388653994,61.156505497638136,72.53309007035568
369,County 369,OK,969829,36.649414827115834,56.97474262327887,25180.27361248241,11.66390322893858,33.21034635882825,61.13635282730684
370,County 370,ME,799766,41.999168335460126,25.73061158764176,66375.63841869132,5.888478907756507,43.06560290278867,50.65649229567498
371,County 371,NY,851291,42.50814436469227,43.46941948402673,59351.741970178344,9.840496241115034,28.887831780593842,61.61773059051484
372,County 372,UT,568478,40.63978411257267,33.12249942566268,70714.78609508774,10.016775336582214,41.213861387223005,63.257816983386874
373,County 373,UT,317336,48.900774153880775,44.46529025794007,86451.43090230202,3.240205734502524,36.96540266973898,59.285023510456085
374,County 374,DE,975941,42.81220940873027,32.59364122292027,77884.55869215801,2.5297213816083968,33.757308195345104,52.57877169875428
375,County 375,SC,440706,44.15655535180122,38.1465903413482,76929.3952176526,9.149759598542005,28.779338428284973,74.14869126165286
376,County 376,CA,866813,36.897622207179666,57.96740555902943,38477.59422475253,2.9770656190812588,58.566432795487344,76.3929730351083
377,County 377,KS,583846,33.08028984349221,38.2083006890025,70875.01456536094,10.408298594877124,43.77597174607217,51.09527398832142
378,County 378,NM,889894,35.69273483939469,56.37910151272081,90144.13182216152,5.161428722087294,68.41050861403346,75.77971088001505
379,County 379,WI,388378,39.43219100590795,29.426980573916808,85607.85375605492,4.743890325073153,52.15214086929336,78.10146344825625
380,County 380,NE,43944,49.1907444735989,32.98501696670428,78238.75522177332,10.761849952861667,45.916325284633785,66.72252604970708
381,County 381,CO,144193,38.120043044909835,15.949437241069973,70763.85276987377,2.557725669350475,72.38585124723613,56.099443736020476
382,County 382,AL,582537,33.82229129783809,31.65794445667416,96878.96867352267,2.6041388562880456,66.73292790073901,70.72221818845719
383,County 383,MS,378839,38.79999770317227,15.90136475278996,25000,3.7032540356740355,41.482810000889,61.16581931710243
384,County 384,TX,984038,34.83156274538487,19.176686005666852,49554.74000898391,10.013108824379742,50.13902726350352,54.756164997816086
385,County 385,FL,869386,36.63119474425912,49.53634235775098,43474.163131526075,10.004924119450152,40.991299867164344,54.11980643868446
386,County 386,MI,680501,32.63917868491262,51.05969763477333,35678.86604365635,6.365198214072734,41.366954846307635,61.44102108664811
387,County 387,WV,212673,46.461170790717006,21.36514946934767,54374.39920190933,7.587819796055555,28.334420756436884,64.15909833274782
388,County 388,MN,90649,42.20870198216289,15.31470091198571,85185.4026787908,9.229511972982436,61.625053046736866,61.785215670242906
389,County 389,SD,582797,43.15019038040191,55.63741639489308,62564.07186229974,11.281375401187688,74.8895822209306,68.08195742079988
390,County 390,ND,259218,35.29931310098618,31.140834528487176,26598.882340685446,10.741530228871852,29.436873097438365,67.32501057209447
391,County 391,AR,363014,37.29879345744848,52.047126145334914,45950.89826032659,7.264993940945715,27.842027507722378,76.88370906049386
392,County 392,NM,84356,40.731303659267724,40.64469560980797,34716.76417190413,5.176020735409111,35.592783673200756,62.012409614399076
393,County 393,SD,532103,41.93825984373689,19.539686974603683,72268.2795618287,8.71458831988275,39.989963942207396,56.818445338867605
394,County 394,IA,326937,42.44307680986822,23.20302968029864,83085.18906379097,6.6679610991850495,68.88329924549907,75.54224594729021
395,County 395,MA,84351,47.68186500761658,35.758257379056886,70260.09036498072,3.5596654964610934,29.44530200911686,60.64148128265515
396,County 396,NJ,46621,49.864742550998926,55.13232634635642,66801.70543558196,4.200331324711442,61.51278875768185,61.64380420465022
397,County 397,NE,626583,49.11538457963616,17.500707692233846,39502.32412191285,2.037036524154246,72.64998012688011,60.336581878364086
398,County 398,DE,502073,31.97661839891225,41.03062002570368,90667.80591275597,2.3356020525097847,53.497990674804896,76.84469949454069
399,County 399,MI,248725,30.5372827174142,49.686722134938464,56152.03702710069,3.6729898448102176,40.86880551185459,62.13895136024803
400,County 400,NY,992098,47.73524732794613,58.54572570766322,74503.47520440609,8.946325032040477,45.33133300719783,66.38896099757403
401,County 401,NJ,525014,37.73205337114632,20.059998695505783,25000,7.852913320995867,72.65612342162058,73.98092699469998
402,County 402,NJ,676873,41.012041764333844,59.94587268680334,66050.23359148507,7.132273382041603,54.622732917778194,59.90004981867969
403,County 403,WY,268391,30.506047154776752,40.898999482160434,73127.43319718292,2.4123272583819926,65.03541719866917,67.579248000402
404,County 404,KS,713627,32.22810680512339,31.26960434485227,100772.90455492576,4.522952598519623,25.56024007499218,67.6716165873222
405,County 405,VA,640529,31.36887151747942,45.49770126817748,54535.04128341256,11.453539364039898,54.707427439279854,65.68565288791433
406,County 406,FL,33759,49.485150719992816,24.541696625528857,42987.27916381878,11.702524358872324,36.971053399611264,62.935051091481
407,County 407,WA,669870,43.096599499695,20.196544885402545,97436.15478008277,6.061665267217904,52.67452331027016,74.00262507377192
408,County 408,LA,63627,48.34817151539028,59.48976334766485,29912.33205520276,7.3455050103366375,36.50556666543707,61.287887047510594
409,County 409,WY,825399,38.40547207277268,37.22920258529484,64744.23811178055,2.164016862399876,67.97651952365413,77.33348425477743
410,County 410,AK,787981,43.84547834750265,15.851195604773238,57316.89408236322,7.726154129952192,50.86980691412464,53.56320138089359
411,County 411,NJ,590682,46.990321511402726,57.25955487345345,32310.454405597535,6.951057941652834,62.21153225051239,60.1261250092648
412,County 412,AR,172083,49.36172304674983,42.520097609376535,45990.93317741726,3.075730884913355,63.047405309043825,52.791497444268316
413,County 413,WY,621355,40.13643459416926,44.47846854804084,108327.76033092423,2.3242282196879387,64.71465989015996,70.26281035738066
414,County 414,ND,594807,42.65435712877661,46.98597145965323,67376.82384000657,10.284628244582564,28.843466890975833,54.12379859248176
415,County 415,WA,450993,32.79274052940309,22.766506040934473,43335.36626692103,7.260165017098188,68.70698637794703,77.96940242871642
416,County 416,OH,441699,37.70988743752241,58.2591483858414,34679.51447127083,3.3601082214154303,40.904157678596675,64.0327156544663
417,County 417,LA,724536,49.93430231232196,36.33652174612507,56687.966641531544,9.729974794201553,68.12180841807276,75.29040986439213
418,County 418,RI,663780,46.72147922683507,25.78608583076857,59385.491920652894,3.84075701283291,36.316330754198134,77.76890367968008
419,County 419,DE,736000,36.36429752223194,33.22907948400825,70567.54632837478,6.383458816446364,54.1832517599687,64.20129153411835
420,County 420,ME,183254,47.96229044441134,21.384569333167747,34698.056297778,5.60272899735719,50.886672898195684,62.87640495458618
421,County 421,NV,787084,43.999283937737346,47.65676466166042,84148.61433503701,10.741332336794585,26.56275772023946,73.28271909849718
422,County 422,LA,944420,30.675099324434996,39.75879595032893,90618.15813235812,11.451793956104666,50.31907532829791,67.93529300950468
423,County 423,NJ,816169,33.892954527400434,55.835651129018515,47511.72863532413,8.69167551677674,45.10047781514004,60.31351743033156
424,County 424,VA,802482,42.996689206920564,50.20690632518381,78226.75021730129,5.524982703384012,32.064934412483126,61.62128352560103
425,County 425,GA,958479,34.39309689216316,42.246576191391796,42810.51539377717,4.725157286040485,59.49850390898064,74.81382231693715
426,County 426,AZ,92589,47.16358656063676,56.139884950825945,72375.60756456574,9.055095210671425,30.24765416048467,71.48338350933045
427,County 427,NH,279901,47.750214310362935,32.703167740255594,25000,3.4844175335019827,55.81146894255653,55.34035485703498
428,County 428,AK,990304,44.126937757246196,57.37680118647404,58838.007280991405,3.597578409127891,49.86595764057711,69.05440628994256
429,County 429,NE,568449,42.248967830091715,43.221386501099914,73494.72065015005,10.153563553933054,58.73413289664313,77.96185141662136
430,County 430,NJ,45152,37.68226479180157,30.206397258443758,58941.35275773727,8.668245883192867,66.66329405270517,73.3949723187834
431,County 431,AL,122134,44.591544647701085,52.576457674149424,86109.16228216322,7.736946801189333,60.93312865123153,63.86623217724264
432,County 432,MT,149808,35.794805330224335,17.684804890304804,45651.821393842,10.891599441412836,38.456671219319105,62.05645268782973
433,County 433,MT,116577,48.80843358580023,59.8589835211169,90911.69824523017,4.0783980819396675,64.68531599966809,75.18410403747112
434,County 434,IN,861315,37.35191968269646,52.31069151777774,67984.71239639603,8.77097586914897,72.25876357406378,77.30373217957094
435,County 435,IN,726419,41.84092558454722,50.792622099397704,69893.3001902334,10.191962442360818,36.866846843622625,71.92811471177265
436,County 436,AR,942879,41.465081283822656,30.172494932776317,65936.65007272267,6.849109521601349,45.387060032226145,56.37738682795316
437,County 437,IA,690831,41.18917027488351,48.64643813925795,44198.785882873686,9.37922934582457,67.32915471075103,77.51603975193575
438,County 438,NE,443710,37.50247194431722,19.527671610703692,70763.36002580194,10.154560774564743,32.32307081343606,74.74018395878375
439,County 439,AK,977596,45.61127518303692,45.52970417076722,64383.42210578877,9.525574117898941,52.96892187325284,66.87256806762889
440,County 440,MI,643082,40.797683359123766,50.30823129694909,86828.04409423168,5.240919758100063,37.898358691018075,67.47265280224383
441,County 441,MD,257985,47.32112508267164,56.99728175997734,66151.28992932584,10.254354756791145,26.091399986762553,75.96374834654853
442,County 442,ND,618928,44.4802036928013,50.73825319879688,70961.75585454945,5.572202816139907,48.71961056487635,77.14206783566624
443,County 443,CA,373662,43.11201210599393,47.81725054141134,80199.08229531262,7.216481471434236,60.79036806477234,73.52863803971559
444,County 444,UT,706535,45.446670590899885,31.792852906510234,64295.94703581729,4.194842284079641,49.90655560977757,58.03857300663367
445,County 445,TX,765472,40.22012896835804,22.639658666448668,79153.35430607188,5.544925332535058,48.52944519370794,73.31019081408158
446,County 446,MS,980130,38.81060163024813,15.120447770459577,53041.857163152075,8.247722543776035,64.30263496004045,54.3888723407872
447,County 447,MS,876972,46.30564066581428,37.42411727900617,54469.1442412047,11.547413110267371,67.28894667467102,51.1150194122456
448,County 448,SC,966895,33.43174437992275,37.260973162483424,88354.25581348102,6.326125339139253,57.164841040503234,61.394251009915024
449,County 449,HI,738028,48.98370151408017,30.173598462715745,29937.49723104405,11.39766677794978,74.32141641620547,50.0753861037083
450,County 450,MD,886896,39.335479736328125,42.955588032491505,45988.492856810655,7.221257780212909,42.27188985096291,76.93985999561846
451,County 451,MT,732857,35.74887872673571,32.58336656028405,61167.21811519733,9.621492396574467,60.18442929489538,75.66400187090039
452,County 452,AZ,204616,40.76794066466391,31.571951693622395,89097.5034012096,11.746216412167996,70.42745491489768,75.6246922747232
453,County 453,IN,181244,40.21711466833949,22.549417190020904,62776.551787677694,8.540663237683475,40.87131934938952,73.1538641708903
454,County 454,WA,375485,30.379746528342366,46.9821520044934,66315.65880373988,4.609196125995368,63.67740676505491,60.86411111988127
455,County 455,IL,229020,30.37381357513368,24.11993048968725,119019.90041122965,9.466806122101843,42.17723305337131,70.26033922564238
456,County 456,FL,756818,30.572700523771346,50.000331775518134,25000,3.5290719526819885,44.4549574283883,75.64214687561616
457,County 457,WV,209007,49.9871928896755,45.898657883517444,33939.027385036985,6.0867616282776,39.41835039295256,68.86568132787943
458,County 458,IL,106246,37.732913699001074,38.97794229327701,60859.662683371986,2.416612538974732,37.316307018045336,73.65242964820936
459,County 459,NJ,295856,39.27254672162235,17.15960355475545,84202.70255095436,10.01031706854701,45.35673146601766,65.43273810297251
460,County 460,NC,643551,34.29524371866137,48.43868117546663,49731.81533819023,2.249130802694708,67.84658036194742,59.845516150817275
461,County 461,NM,945896,33.95523758139461,50.44538789894432,82397.40567754925,9.502395445480943,33.1474180216901,65.85425394121557
462,County 462,NY,903383,36.361652999185026,23.556377651402727,60833.70890418541,2.568853481672704,57.991114014294,55.182696566917
463,County 463,WY,311573,37.03605154994875,49.794433928327635,80567.70126323012,9.94222024967894,55.56075794156641,57.0817949436605
464,County 464,MN,531174,34.97363588307053,16.035908076446503,66408.45347779905,11.742352839093655,62.69746508914977,62.21381050068885
465,County 465,ID,55281,45.64142286311835,33.51485578925349,57502.73397283778,2.3130353102460504,74.171178531833,70.740545631852
466,County 466,KS,261338,30.31413780990988,19.249334296910092,61828.27142879458,10.025432841386646,50.14811838045716,73.43413977185264
467,County 467,MN,57317,49.828647966496646,29.292628336697817,25000,8.443007795605808,48.672246490605175,74.81594617944211
468,County 468,CA,553460,37.817710330709815,23.373631678987294,70472.27976076142,10.3040966745466,72.56731394445524,69.40481897443533
469,County 469,OR,889741,49.32906938251108,38.919303787406534,72084.31278394084,8.339898735750467,29.53289687866345,79.7509304760024
470,County 470,WA,344857,36.677179341204464,17.50789101468399,31214.133465580988,2.4815378761850297,47.877684456761926,78.25626482954249
471,County 471,VT,130988,43.87058252003044,36.209172054659575,31078.195167087542,6.221147480420768,41.57353709451854,67.25282064871863
472,County 472,OH,368702,37.37074640579522,58.929314862471074,25000,9.450284007936716,54.73098180955276,55.62781203072518
473,County 473,PA,830798,31.760565070435405,24.285482747945935,67219.18315722157,9.47948071686551,29.44924016483128,56.60018224269152
474,County 474,NE,770063,34.486830099485815,24.642668823944405,51662.88429539429,3.2731291633099318,33.56407607207075,71.59402774646878
475,County 475,TX,789091,45.885667582042515,17.893988233990967,39482.60502972032,10.369675658177584,72.42610941175371,61.77961721550673
476,County 476,HI,755079,48.36548140272498,39.58443481475115,36651.804283146324,3.9340654625557363,41.33010628866032,69.00470415363088
477,County 477,VA,479081,32.44056602008641,34.20594161027111,73204.00720563317,2.1596442121081054,46.34543367428705,70.01721454551443
478,County 478,NY,18896,36.79496539756656,27.674010309856385,55338.08136346638,6.9993404862470925,51.71647019451484,75.21457958966494
479,County 479,AZ,693751,41.683192257769406,20.99296113825403,58058.46336978709,4.566337052267045,30.965279240626842,64.87030462594703
480,County 480,NJ,175696,34.863170688040555,57.801346300402656,85069.7026564492,9.247771420516074,39.86182811204344,62.13995813857764
481,County 481,ID,865164,34.24046173226088,59.581856292206794,74670.9485010701,3.7158058751374483,70.44320771237835,63.653809723909944
482,County 482,NC,369246,40.80030715558678,40.1078231446445,81564.566245042,5.983290991745889,69.98722644057125,75.00530276680365
483,County 483,MA,656615,44.66346129309386,34.68359810882248,38626.09406196497,2.04714876646176,63.40562503319234,67.4619829817675
484,County 484,MA,647796,41.230133697390556,58.01356466836296,58039.38214202891,5.696504067629576,58.866176661103964,58.25638512847945
485,County 485,PA,188060,46.02558274753392,20.616807978367433,33912.578797591435,5.798330342397094,49.92228425107896,59.19835135573521
486,County 486,ID,499971,43.17355569452047,21.332827205769718,29392.507746561965,4.585867666639388,66.42747615696862,60.030480998102576
487,County 487,FL,512681,34.04719622340053,34.20957751222886,83192.23620430483,4.567157014273107,25.03077033907175,69.5911229075864
488,County 488,OR,489681,30.85555530153215,46.604116352973506,38784.15995767962,5.994826239068061,26.69700854457915,76.00594964344054
489,County 489,IA,726037,48.14618696924299,44.222909758100286,47164.34550332074,10.704536349978298,43.48002448678017,69.52253235504031
490,County 490,LA,168909,46.26041489187628,18.558690935606137,49297.37368465508,2.0395030668005347,29.14878287119791,70.18612025305629
491,County 491,FL,728091,30.35405322909355,31.196198015240952,54411.00110641086,3.494533286895603,65.16312825260684,73.44340588897467
492,County 492,CT,994481,38.875656011514366,36.60239877412096,73828.72441081122,3.212382917292416,26.456901500932872,64.10324745578691
493,County 493,WI,948524,32.82677759882063,33.544674242148176,65832.99747422672,10.175492095761001,35.5442127562128,55.05940595176071
494,County 494,AK,967125,41.48919412866235,20.028872162802145,91930.10400680504,6.2988853342831135,60.309555113781244,72.80416330555454
495,County 495,VA,139513,44.70203252043575,21.72383233322762,50125.24962833042,2.95861908281222,37.49060039408505,78.06031514890492
496,County 496,MT,546125,37.042068862356246,33.49482899182476,53657.24387884993,11.8392309457995,71.97982238139957,76.79547687992454
497,County 497,VT,770062,46.75215273629874,36.63402496255003,64950.27643590564,11.612603259738535,50.8838769630529,59.76435087854043
498,County 498,MA,747056,36.49804236367345,46.00038313306868,73064.06101632705,3.8794146715663373,25.965126079972833,67.18337091617286
499,County 499,IA,156584,35.98172693513334,48.97765781264752,74717.97267789698,6.326328483875841,26.100693235639483,75.84998743841425
500,County 500,HI,524308,42.891785209067166,56.66258551413193,47480.91915448269,3.5888380678370595,54.35341726988554,55.32064824132249
