legislator_id,name,party,state,district,ideology_score,vote_attendance,bills_sponsored,years_service,committee_count
1,Legislator 1,Democrat,MO,17,-0.7657104721637767,91.7335181357339,4,2,1
2,Legislator 2,Democrat,AK,7,0.3995559986901372,86.4806842058897,8,36,4
3,Legislator 3,Republican,PA,10,0.11795790541682233,77.40871225250885,10,19,4
4,Legislator 4,Democrat,FL,12,0.5768437565172377,76.54805115656927,5,36,4
5,Legislator 5,Democrat,HI,4,0.05641468548427189,89.24765145173296,4,36,6
6,Legislator 6,Democrat,CO,20,0.9065927998861,97.62205210747197,2,22,4
7,Legislator 7,Democrat,NM,3,-0.26391750058881724,98.1251179962419,6,14,8
8,Legislator 8,Republican,CA,1,-0.12820013114492393,81.53237951453775,8,11,8
9,Legislator 9,Democrat,IN,16,-0.43840499091239604,74.3769214861095,7,5,5
10,Legislator 10,Democrat,TN,5,0.5180191549155903,91.8788147601299,5,9,5
11,Legislator 11,Republican,WA,19,0.03201647626499084,84.60222519002855,3,1,3
12,Legislator 12,Democrat,AL,17,0.6059514059298664,77.57627687649801,7,8,5
13,Legislator 13,Democrat,SD,11,-0.10702939082245147,94.83386919600889,8,4,4
14,Legislator 14,Republican,GA,1,0.4770657062305332,74.33796834433451,10,29,1
15,Legislator 15,Republican,WI,1,0.6368682544876016,87.83642121823505,2,37,6
16,Legislator 16,Democrat,ID,18,-0.3985526557252004,78.16932786721736,7,26,3
17,Legislator 17,Independent,MI,3,-0.4055716921856804,98.21816729847342,3,3,8
18,Legislator 18,Republican,AL,5,0.15666505071259673,74.35875931289047,4,5,8
19,Legislator 19,Republican,TX,7,-0.07781147876406261,97.32830384746194,10,40,7
20,Legislator 20,Democrat,AR,6,0.12224227349159328,91.09060197370127,5,15,6
21,Legislator 21,Democrat,AZ,16,0.07750442535543303,78.29862647689879,7,14,2
22,Legislator 22,Republican,PA,13,-0.13795999219333818,71.80960094090551,3,18,1
23,Legislator 23,Independent,CA,1,-0.4789792637232382,91.18183030746877,3,13,6
24,Legislator 24,Democrat,TN,19,-0.38460606533016173,74.91748452419415,3,28,2
25,Legislator 25,Republican,MD,18,-0.6203714409536032,75.30409308848903,1,25,4
26,Legislator 26,Democrat,ND,10,-0.007832102410117744,85.3257163357921,6,3,4
27,Legislator 27,Republican,MN,14,0.23770434561919354,80.1564963394776,0,35,8
28,Legislator 28,Democrat,OK,10,0.46885091303608645,71.29360514925793,4,9,2
29,Legislator 29,Republican,MD,2,-0.2761133561746674,95.29453424271196,10,8,7
30,Legislator 30,Democrat,FL,16,0.2795037008043977,79.2045621923171,6,20,8
31,Legislator 31,Democrat,NE,9,-0.551895628768274,84.44256226997823,8,14,8
32,Legislator 32,Democrat,VA,17,-0.21724910146947218,81.40637550270185,7,40,6
33,Legislator 33,Republican,VA,2,0.15317573953607852,89.74057604093105,3,3,8
34,Legislator 34,Democrat,AZ,15,-0.5930871481898919,97.32584069250152,6,16,3
35,Legislator 35,Republican,NM,8,0.22172825653350903,93.94374527037144,2,9,7
36,Legislator 36,Democrat,LA,3,-0.16993142110604054,81.95146756945178,4,9,8
37,Legislator 37,Republican,GA,2,-0.2981403137351065,74.17791246669367,10,16,6
38,Legislator 38,Republican,NC,17,-0.3496203900301293,79.01161520276219,2,33,7
39,Legislator 39,Democrat,SC,3,0.00185455316517106,78.39439619565383,7,14,2
40,Legislator 40,Democrat,MD,11,0.14028540455436764,77.60786602040753,5,25,4
41,Legislator 41,Republican,OR,5,0.19506526211713235,93.46603340934962,3,3,3
42,Legislator 42,Republican,CO,1,-0.42036355423011323,90.17926786560565,3,39,8
43,Legislator 43,Republican,NH,3,-0.2568190876452506,83.63157248590142,4,8,2
44,Legislator 44,Independent,VA,14,-0.25619150789842066,81.24076839536428,6,5,7
45,Legislator 45,Republican,AR,6,0.2510305426768464,78.19879858987406,9,22,8
46,Legislator 46,Democrat,NE,16,0.250354881868061,78.79890490090474,7,4,5
47,Legislator 47,Democrat,FL,10,0.8512754251804471,84.14214884629473,7,9,3
48,Legislator 48,Democrat,SC,8,0.29052955633520117,81.69592103455216,6,29,6
49,Legislator 49,Independent,MN,9,-0.2500955030896432,70.74584672925994,3,5,4
50,Legislator 50,Democrat,WV,3,-0.2969557175628793,95.69843977922574,3,11,4
51,Legislator 51,Republican,MT,2,0.6650211423902017,74.19461800483987,6,8,3
52,Legislator 52,Republican,ID,6,-0.061915820263838156,98.24618338374421,3,13,7
53,Legislator 53,Republican,GA,2,0.4886535881487832,86.80240435060114,7,14,4
54,Legislator 54,Democrat,VA,16,0.2504962761548417,77.80227079754695,4,37,2
55,Legislator 55,Republican,TX,9,0.40254313864818025,71.19628086686134,7,24,4
56,Legislator 56,Democrat,MN,5,-0.13942784116919638,85.24559260578826,5,22,5
57,Legislator 57,Democrat,NE,17,-0.4605392467610225,84.89471188280731,7,21,1
58,Legislator 58,Republican,ND,12,0.17955126170127267,81.18697577854618,11,30,1
59,Legislator 59,Republican,KS,20,0.3379665265498497,87.10805517854169,4,27,2
60,Legislator 60,Democrat,VA,4,0.17237758049759022,99.0511776204221,3,16,3
61,Legislator 61,Democrat,MO,6,0.6665533851503349,72.45373889105394,6,14,7
62,Legislator 62,Independent,NV,2,0.02646691605261216,91.6798214847222,1,12,7
63,Legislator 63,Democrat,IA,3,-0.44730470830407754,93.53223573416471,10,9,5
64,Legislator 64,Democrat,WI,18,0.1940990888316519,71.124601890333,5,16,5
65,Legislator 65,Democrat,PA,17,-0.08080962555492038,76.03784611448646,2,34,8
66,Legislator 66,Republican,MN,18,0.4142668029004205,79.96314266696572,3,20,8
67,Legislator 67,Republican,ME,11,-0.22856001352779043,87.00894416775554,2,13,6
68,Legislator 68,Democrat,GA,8,-0.3062641682496582,70.32793645747006,1,19,4
69,Legislator 69,Democrat,IL,7,-0.6189807897635524,72.55905912490562,9,20,5
70,Legislator 70,Republican,PA,20,-0.5165205698927451,83.8889677124098,3,37,4
71,Legislator 71,Republican,AL,1,-0.46852537768154634,83.49741220474243,10,28,5
72,Legislator 72,Republican,HI,19,-0.9361915502046534,92.77817622758448,4,12,8
73,Legislator 73,Republican,VT,16,0.2789609593964375,96.04303946020082,9,27,5
74,Legislator 74,Republican,MT,8,0.3054696823629097,75.56589954998344,3,4,2
75,Legislator 75,Republican,GA,20,-0.3943767727095509,92.77544258860871,7,1,4
76,Legislator 76,Democrat,VT,18,-0.060533321123637775,72.99497384345159,7,21,6
77,Legislator 77,Republican,IA,10,0.1990194278102463,76.63270805729553,6,26,2
78,Legislator 78,Republican,KY,10,0.336144142983494,96.86208635568619,7,35,8
79,Legislator 79,Democrat,WA,19,0.1642748444125912,94.11338686011732,5,24,5
80,Legislator 80,Republican,DE,13,0.17405868100339728,75.02095258794725,4,36,3
81,Legislator 81,Democrat,OK,12,0.07858794733356697,99.5444414881058,8,37,5
82,Legislator 82,Republican,CO,8,-0.413332171502952,94.5401138602756,2,9,2
83,Legislator 83,Republican,GA,6,0.07205167960564779,83.29961988143623,2,19,3
84,Legislator 84,Democrat,NE,7,0.40001996856836536,87.54265516065061,6,34,8
85,Legislator 85,Democrat,MD,7,-0.27534542649906574,96.59507172182202,9,34,3
86,Legislator 86,Democrat,MO,5,0.40802045930581543,94.32542030932382,3,20,4
87,Legislator 87,Republican,MS,1,0.20677037463987677,92.28323947871104,4,8,6
88,Legislator 88,Republican,KS,19,0.07369378474538867,95.25879340944812,3,32,5
89,Legislator 89,Republican,UT,11,-0.002749193645711545,82.19814084703103,8,12,4
90,Legislator 90,Republican,KS,2,0.694308844701771,96.18514607893303,5,10,5
91,Legislator 91,Democrat,AZ,18,0.03297106749540158,97.18649401096627,4,4,8
92,Legislator 92,Republican,NY,10,-0.2816130775723397,96.75332157174125,3,35,4
93,Legislator 93,Republican,MA,6,0.16559322216441053,70.24913929635659,10,8,6
94,Legislator 94,Democrat,RI,4,-0.23284077857915972,88.48469221498817,4,31,7
95,Legislator 95,Democrat,AZ,12,-0.3015534011602494,83.6415800312534,5,25,2
96,Legislator 96,Democrat,GA,6,-0.7613491247251625,87.04561880091205,3,34,4
97,Legislator 97,Republican,MA,17,0.12329682627721239,96.9818593445234,4,27,6
98,Legislator 98,Democrat,TN,14,-0.16207232376773656,75.09071305161342,6,15,8
99,Legislator 99,Democrat,CT,1,0.2875680384823856,93.00631957594305,6,4,4
100,Legislator 100,Democrat,ME,11,-0.3024555262967373,73.3918291865848,3,24,4
101,Legislator 101,Democrat,NH,20,-0.003309578251444331,92.98485947307199,4,8,6
102,Legislator 102,Republican,VT,19,-0.06772117480416222,78.21377360727638,3,37,5
103,Legislator 103,Republican,TN,5,0.12662233607514042,98.32590102450922,5,1,8
104,Legislator 104,Republican,VA,3,-0.21198103364049806,83.3794995653443,3,26,5
105,Legislator 105,Democrat,MS,13,0.40408736452571087,86.25361484475434,9,39,4
106,Legislator 106,Independent,NH,19,0.004713925311710904,74.85263384412974,5,38,8
107,Legislator 107,Democrat,NJ,18,0.7884387030907641,90.79160620924085,2,20,7
108,Legislator 108,Democrat,TX,20,1.0435036800178126,93.91823096666485,8,30,1
109,Legislator 109,Democrat,VT,14,0.2844597659642724,93.20759767433628,3,23,1
110,Legislator 110,Republican,OH,2,-0.3734783937768528,76.39868319034576,3,28,7
111,Legislator 111,Democrat,TN,1,-0.020269971682597483,76.10813254257664,5,21,2
112,Legislator 112,Democrat,ND,14,-0.18105232094985735,88.9973999815993,5,21,4
113,Legislator 113,Democrat,RI,7,0.5933347145022331,92.83024032134563,10,6,6
114,Legislator 114,Republican,MA,15,0.5528171901764627,94.2390166898258,3,14,1
115,Legislator 115,Democrat,TX,6,-0.20499481337094225,94.86767138587311,7,19,4
116,Legislator 116,Democrat,TX,12,-0.017525553887904822,73.55712729506195,3,33,2
117,Legislator 117,Republican,MT,20,-0.43641617307444913,78.4402931574732,3,16,6
118,Legislator 118,Republican,NC,11,0.34138040937876113,95.40463049896061,7,1,4
119,Legislator 119,Democrat,CO,10,0.2252920143428114,73.25467759976164,6,27,7
120,Legislator 120,Democrat,MN,17,0.5025163244407854,70.52490129135549,4,20,7
121,Legislator 121,Republican,TN,10,-0.4415841614835353,82.4024383444339,6,4,4
122,Legislator 122,Republican,SD,19,0.14666548592050044,87.72585667204112,9,10,5
123,Legislator 123,Democrat,UT,10,-0.20642799175548637,85.48947491217405,5,40,4
124,Legislator 124,Democrat,VT,9,0.3657137133484882,98.0408882861957,3,2,4
125,Legislator 125,Democrat,LA,8,0.5231154419199678,77.81537227798253,5,6,6
126,Legislator 126,Republican,WA,19,-0.3355853579736277,91.32107324898243,6,33,6
127,Legislator 127,Democrat,MA,7,0.16102697821945355,75.04444090183824,3,3,6
128,Legislator 128,Independent,NC,16,-0.4362396849565861,94.59617100190371,8,28,4
129,Legislator 129,Republican,HI,8,0.21935980687876305,92.5032107369043,6,25,2
130,Legislator 130,Democrat,SC,16,-0.5509370913950975,78.699877904728055,10,1,6
131,Legislator 131,Democrat,VT,11,0.87159675839221,75.39439107989892,3,15,1
132,Legislator 132,Democrat,IN,10,0.9056168099662818,88.51875802967697,3,13,6
133,Legislator 133,Democrat,AK,20,0.3569926440364117,88.36905962089077,7,20,6
134,Legislator 134,Democrat,PA,18,-0.022579535802737423,95.97156579140574,5,14,8
135,Legislator 135,Democrat,VT,16,0.2649365476954801,89.19149351771921,2,34,4
136,Legislator 136,Democrat,OH,8,-0.31453901917597593,72.75697930017486,7,18,1
137,Legislator 137,Democrat,NV,5,-0.6297687012195174,96.02131457999349,7,32,8
138,Legislator 138,Republican,VT,18,0.1243496204177663,95.25262985378504,4,36,7
139,Legislator 139,Democrat,KS,15,-1.0073165564370539,84.8647241992876,8,40,4
140,Legislator 140,Democrat,KS,2,-0.35114899080665163,72.38118019187823,6,36,4
141,Legislator 141,Republican,VT,1,-0.10387898825622394,70.6495150947012,8,5,6
142,Legislator 142,Republican,VT,10,0.4902856061930632,79.26900485530496,4,12,5
143,Legislator 143,Republican,DE,9,0.37520011646549967,91.95043221348897,12,17,8
144,Legislator 144,Democrat,VT,1,0.30642185597583893,99.86916768364608,3,23,3
145,Legislator 145,Democrat,PA,17,-0.2994032207154795,83.65259911864996,1,21,4
146,Legislator 146,Democrat,PA,13,0.4955583071460785,90.8562211622484,1,23,1
147,Legislator 147,Republican,DE,6,-0.06785291558442984,98.33970273612067,3,4,1
148,Legislator 148,Democrat,NM,12,0.6413279068120964,83.91425773035735,6,14,4
149,Legislator 149,Republican,OR,19,-0.5540214626068266,91.20228118728846,1,16,8
150,Legislator 150,Republican,MN,1,-0.14167327489916187,95.08456346811727,4,37,2
151,Legislator 151,Democrat,SD,11,-6.5280847602798e-4,71.46322594489902,5,36,4
152,Legislator 152,Republican,GA,16,0.23843218766823499,82.11068520788103,9,26,1
153,Legislator 153,Democrat,HI,14,-0.1921757814697513,86.21983903693035,2,26,5
154,Legislator 154,Republican,NE,19,0.18649009815994802,91.98898755013943,3,29,5
155,Legislator 155,Democrat,MN,5,-0.8266325300675952,74.37655296176672,6,1,2
156,Legislator 156,Democrat,NC,8,-0.17920982191321175,80.95598062034696,4,11,2
157,Legislator 157,Republican,MI,19,-0.1486755311055222,70.59961084276438,5,7,7
158,Legislator 158,Republican,IA,16,0.08586545531849465,70.27767265681177,7,16,7
159,Legislator 159,Republican,AR,12,-0.25862816230542407,93.8800313998945,1,24,5
160,Legislator 160,Democrat,RI,15,-0.47146086377550483,90.45024813851342,4,17,3
161,Legislator 161,Democrat,TX,7,0.07277504289152119,70.78288492746651,6,1,5
162,Legislator 162,Democrat,GA,1,0.0746477304088574,79.13522273069248,6,22,2
163,Legislator 163,Democrat,DE,15,-0.5061264479309385,98.45021494431421,8,38,2
164,Legislator 164,Republican,NM,8,-0.48390109211851207,78.49355531856418,8,32,3
165,Legislator 165,Democrat,NV,6,-0.1024247606962368,80.7610895182006,3,2,3
166,Legislator 166,Republican,OH,11,-0.014549314715573598,85.04544583382085,10,32,5
167,Legislator 167,Republican,VT,2,0.39542438699410415,77.95919196214527,2,31,8
168,Legislator 168,Republican,MD,1,0.1688373733294352,97.30873858556151,5,5,5
169,Legislator 169,Republican,WV,20,0.6729609186957506,75.41727302595973,8,15,8
170,Legislator 170,Republican,DE,5,0.08588926607765565,88.4853798802942,3,30,8
171,Legislator 171,Democrat,NY,5,0.540890699179864,71.43730765441433,5,36,3
172,Legislator 172,Republican,AZ,11,-0.597701734438254,94.00139156496152,3,40,7
173,Legislator 173,Republican,SD,17,-0.38597845369097356,89.84775230754167,9,19,7
174,Legislator 174,Democrat,WV,17,-0.3843339567345401,92.06039555370808,4,4,6
175,Legislator 175,Republican,HI,17,-0.707213773520243,71.30523089086637,4,39,8
176,Legislator 176,Republican,IL,19,0.1146697390034333,86.21386816725135,4,25,4
177,Legislator 177,Democrat,RI,13,-0.7979510983693747,88.76746359048411,3,1,1
178,Legislator 178,Democrat,LA,18,0.35544257987380923,92.46784711722285,2,24,7
179,Legislator 179,Democrat,RI,10,0.02968237826876895,74.4860721938312,8,23,4
180,Legislator 180,Democrat,MA,3,0.17775871309333213,83.34985562367365,6,2,2
181,Legislator 181,Democrat,CA,17,0.0620772099695511,90.9787529008463,9,11,8
182,Legislator 182,Democrat,NM,10,0.5996153443185547,73.17326316144317,8,10,7
183,Legislator 183,Republican,MD,1,0.13166490722130283,93.15719392383471,2,4,2
184,Legislator 184,Republican,LA,11,0.19167149979945305,89.07828797353432,4,37,5
185,Legislator 185,Democrat,RI,13,-0.7311234565065344,87.76909250533208,6,23,4
186,Legislator 186,Democrat,WI,14,0.3433639017647573,70.34106522798538,3,18,2
187,Legislator 187,Democrat,AZ,13,-0.10694705364595042,70.59989984380081,6,13,6
188,Legislator 188,Democrat,WV,7,-0.8061948440133163,74.86045726109296,2,20,3
189,Legislator 189,Republican,DE,8,0.07563263937730347,72.04955600434914,6,18,5
190,Legislator 190,Republican,ME,4,0.09396677018694875,84.28781392518431,7,20,1
191,Legislator 191,Republican,WY,14,0.27261703121783537,99.49658958707005,5,35,2
192,Legislator 192,Democrat,GA,5,0.24410056995887733,83.08424241608009,5,26,5
193,Legislator 193,Republican,IA,20,0.2240462806019935,98.44140033237636,4,10,8
194,Legislator 194,Republican,ID,19,0.7943667624144766,80.1133206882514,1,23,1
195,Legislator 195,Republican,OH,14,0.6476188747846863,84.76969795534387,4,29,4
196,Legislator 196,Republican,WV,19,0.07475769187858718,95.15705078141764,5,25,2
197,Legislator 197,Democrat,NY,15,-0.05657472332558808,94.7814133670181,2,14,8
198,Legislator 198,Republican,TN,16,-0.2987210939875486,74.27189785288647,5,13,4
199,Legislator 199,Democrat,ND,3,0.386296482768717,73.463576042559,13,1,7
200,Legislator 200,Democrat,SC,2,-0.35161137002102916,70.13437357265502,3,11,2
201,Legislator 201,Democrat,AL,6,-0.03921280934635786,92.23723354516551,8,35,4
202,Legislator 202,Democrat,IL,7,0.4077381021134272,93.47312609897926,2,14,5
203,Legislator 203,Democrat,CT,10,-0.04866085741717538,76.39433507109061,5,24,6
204,Legislator 204,Republican,HI,13,0.18257967542749579,85.53964669350535,4,26,7
205,Legislator 205,Republican,HI,10,0.696699708653602,75.75122917070985,7,37,2
206,Legislator 206,Republican,IL,10,0.8244457972379895,83.70411511976272,3,29,6
207,Legislator 207,Independent,OR,3,0.5514649430574048,85.79749533208087,4,24,4
208,Legislator 208,Democrat,ND,20,0.7167708246000263,80.43447154108435,3,19,3
209,Legislator 209,Republican,IA,17,-0.34231475566035474,92.24558468675241,6,29,6
210,Legislator 210,Republican,OR,18,-0.09344309135064988,71.37405167333782,1,17,1
211,Legislator 211,Democrat,IN,17,0.9205523162415132,78.53921880945563,4,7,4
212,Legislator 212,Democrat,OR,10,0.3428566756652121,75.11109760263935,5,25,5
213,Legislator 213,Republican,MT,10,0.3629116874577966,78.25183784822002,6,27,3
214,Legislator 214,Republican,WI,8,0.501524863218003,90.82203555619344,7,40,4
215,Legislator 215,Republican,NV,13,0.2895375399221309,95.4323714133352,5,8,2
216,Legislator 216,Democrat,LA,8,0.6715885688694931,85.2251826855354,8,30,1
217,Legislator 217,Democrat,KY,20,-0.27098756258649837,98.60615756362677,4,18,1
218,Legislator 218,Republican,WY,5,-0.15267298620171277,72.33887725742534,10,1,7
219,Legislator 219,Democrat,RI,17,-0.19364951596800295,85.67816556431353,7,23,2
220,Legislator 220,Democrat,VT,9,-0.21650380061918578,91.7541217757389,5,38,6
221,Legislator 221,Democrat,ND,8,-0.07984720894818781,73.00898682093248,7,24,2
222,Legislator 222,Republican,ID,19,0.6587724490262447,93.52532329037786,3,7,5
223,Legislator 223,Democrat,NJ,13,-0.3518116103675719,83.49886589916423,3,28,4
224,Legislator 224,Independent,OH,1,0.1797212501709492,83.39353015180677,6,31,3
225,Legislator 225,Republican,MD,12,0.7337870500890085,91.90334652317688,4,40,2
226,Legislator 226,Democrat,MT,1,-0.7152246974814737,84.80389051139355,7,20,2
227,Legislator 227,Republican,MO,6,0.3609989513089133,73.21752378717065,6,22,7
228,Legislator 228,Republican,DE,19,-0.4035435444413126,97.61809522751719,10,16,8
229,Legislator 229,Republican,MD,13,0.5730061834424783,77.20605955692008,2,33,6
230,Legislator 230,Republican,NV,19,0.3206715443938325,89.60557084297761,7,3,3
231,Legislator 231,Republican,VA,5,0.14887019016488381,96.5278255706653,5,39,7
232,Legislator 232,Republican,NC,13,-0.0415145652330359,96.66231660870835,8,30,8
233,Legislator 233,Republican,VA,14,-0.7331474317123415,99.26596618024632,4,4,2
234,Legislator 234,Republican,MA,14,-0.35384031362189666,84.46068653604016,6,11,5
235,Legislator 235,Independent,WY,20,-0.33574445723998264,72.88539697881788,3,4,2
236,Legislator 236,Democrat,ND,12,0.5041751905785221,97.91485031368211,2,9,3
237,Legislator 237,Republican,CA,20,-0.08985351942588093,79.49014392215759,3,4,4
238,Legislator 238,Democrat,TN,8,-0.06982608154065119,84.09506016643718,3,13,5
239,Legislator 239,Democrat,ID,11,-0.2847993597306055,86.68161954730749,2,17,8
240,Legislator 240,Republican,AZ,14,-0.009328274965433413,94.61874139262363,10,37,3
241,Legislator 241,Republican,LA,2,-0.7552064739049488,89.07593876356259,3,14,4
242,Legislator 242,Democrat,WY,14,0.37313561487302777,80.95391114940867,6,35,5
243,Legislator 243,Republican,WY,10,0.29129514335791223,84.40364387119189,4,2,1
244,Legislator 244,Republican,WA,2,0.5561344450789941,74.22218623803928,3,23,6
245,Legislator 245,Democrat,AL,10,-0.08015447563500315,77.1486568194814,7,9,2
246,Legislator 246,Democrat,DE,3,0.3333726348414956,95.25198179995641,3,23,3
247,Legislator 247,Republican,SC,2,-0.48363768510633776,94.37546999426559,3,7,5
248,Legislator 248,Republican,NJ,10,0.2970775911207751,99.67486514477059,3,20,1
249,Legislator 249,Democrat,MD,15,0.12911235150201975,91.88295660773292,9,22,2
250,Legislator 250,Democrat,ND,19,0.44421937460272587,81.16774856578559,5,5,3
251,Legislator 251,Republican,MA,12,0.4089466153247955,85.31136044766754,6,22,2
252,Legislator 252,Republican,ME,18,-0.44451515412618375,97.87192264106125,4,34,2
253,Legislator 253,Republican,TX,18,0.19011467620709988,87.35412965994328,3,12,4
254,Legislator 254,Democrat,WA,11,0.7649824080056346,82.19091158127412,3,39,7
255,Legislator 255,Republican,LA,9,-0.21825967660388215,76.35660997591913,11,38,1
256,Legislator 256,Democrat,SC,8,0.3026165535474175,94.66374575160444,8,18,8
257,Legislator 257,Republican,MS,9,0.05728936099555661,84.74984088446945,2,17,2
258,Legislator 258,Democrat,TN,8,-0.03500292553567485,74.83853950630873,5,29,3
259,Legislator 259,Democrat,NH,3,0.28864141515656055,91.2967644375749,8,11,3
260,Legislator 260,Democrat,ND,8,0.39179091567436974,88.25770364142954,7,6,5
261,Legislator 261,Democrat,MI,10,-0.19773712253692632,73.31059870310128,2,1,3
262,Legislator 262,Republican,AR,10,0.09713385558313375,76.67603857116774,4,39,6
263,Legislator 263,Republican,MN,2,0.300008906676982,86.39719139784575,6,22,6
264,Legislator 264,Democrat,KY,11,-0.49761482326768275,72.64509243192151,5,3,4
265,Legislator 265,Democrat,UT,10,0.5832809472451724,73.87175590964034,5,20,5
266,Legislator 266,Republican,MD,16,-0.3684483760818894,92.31321933912113,7,35,6
267,Legislator 267,Democrat,RI,20,0.7754780109496968,96.49127850309014,4,6,4
268,Legislator 268,Republican,FL,2,0.03470871939136788,98.38787509128451,6,16,7
269,Legislator 269,Democrat,ME,10,-0.2309059289216387,77.712655630894,3,19,1
270,Legislator 270,Democrat,MA,14,0.584140454360482,76.4560035476461,7,18,5
271,Legislator 271,Republican,TX,19,0.042627612368363293,76.25277824234217,5,34,8
272,Legislator 272,Democrat,TX,4,0.6800296894711438,75.65144643420354,1,20,4
273,Legislator 273,Republican,UT,16,-0.1651259823182111,75.94872096087784,5,18,6
274,Legislator 274,Republican,KY,15,-0.20862467563390516,74.25233416957781,5,19,3
275,Legislator 275,Democrat,ND,11,-0.0871560109126737,90.86345055373386,6,20,8
276,Legislator 276,Republican,CT,19,-0.5578123180623376,79.70276730367914,4,37,7
277,Legislator 277,Republican,WI,10,0.1766326339651069,81.4197946083732,6,38,4
278,Legislator 278,Republican,AR,2,-0.07259505022903183,92.41544885793701,3,8,4
279,Legislator 279,Republican,VT,5,-0.6720187248202651,78.43566675204784,8,18,5
280,Legislator 280,Republican,AL,19,0.21406644727348312,92.85514798481017,4,6,8
281,Legislator 281,Republican,NV,11,0.05494471484155802,72.19072405947372,9,8,6
282,Legislator 282,Republican,KY,18,0.07304265594660357,90.13301726430655,9,36,1
283,Legislator 283,Republican,OK,20,-0.04527731079803713,97.57562851067632,3,33,7
284,Legislator 284,Independent,ND,11,-0.09294644819953861,93.28748041763902,6,16,5
285,Legislator 285,Republican,NE,10,-0.29352923265557535,92.2142045525834,9,13,2
286,Legislator 286,Republican,NH,5,0.3240219072442216,79.58735625026748,5,5,5
287,Legislator 287,Democrat,MT,13,0.3057611641694883,89.03389719780535,5,29,2
288,Legislator 288,Republican,MA,10,0.42516676578609724,82.94319097418338,7,12,3
289,Legislator 289,Republican,SC,17,-0.4203181741417858,79.97729125665501,6,23,1
290,Legislator 290,Republican,OH,3,-0.39799359268312184,92.57188911084086,4,15,6
291,Legislator 291,Democrat,IL,14,0.3226402137580704,70.62456557061523,6,26,5
292,Legislator 292,Democrat,ND,10,0.39906310720286764,81.67401446960866,5,18,7
293,Legislator 293,Republican,OK,2,-0.18441933588969714,79.0835550869815,5,29,3
294,Legislator 294,Republican,SD,5,-0.3568085444734281,75.0435882806778,8,12,5
295,Legislator 295,Republican,TX,12,0.12446640604893344,88.45915251411498,4,26,5
296,Legislator 296,Republican,NV,15,-0.492716855668784,72.524670062121,4,28,3
297,Legislator 297,Democrat,GA,6,0.2010372487219706,76.49074874352664,4,18,6
298,Legislator 298,Democrat,NY,1,0.6736539795936429,99.8952339286916,3,33,4
299,Legislator 299,Republican,VA,13,-0.8215413726321782,73.77658351324499,9,8,3
300,Legislator 300,Republican,NE,9,-0.2517669178878929,71.33776783943176,4,40,2
301,Legislator 301,Democrat,NC,14,0.28431833578361515,96.96560544427484,12,22,8
302,Legislator 302,Republican,AL,12,0.5994186843398488,85.35081932554021,3,20,2
303,Legislator 303,Republican,IN,18,-0.08916901697878847,71.52898621512577,7,5,4
304,Legislator 304,Republican,NY,7,0.031186861643236835,99.20388259692118,5,14,1
305,Legislator 305,Democrat,NV,16,0.1335411747626705,74.74138883408159,7,11,8
306,Legislator 306,Democrat,TX,12,0.5069036344048249,93.96541807800531,6,6,8
307,Legislator 307,Republican,NY,12,0.35037095270889634,74.66578780440614,5,21,8
308,Legislator 308,Republican,SD,6,-0.12263906831713865,82.79436100041494,7,14,7
309,Legislator 309,Republican,NJ,19,-0.15874750721566766,75.75956776039675,2,19,3
310,Legislator 310,Republican,OR,18,0.10807211755702134,91.09291401691735,9,25,4
311,Legislator 311,Republican,ND,2,-0.32683199612775504,94.02130608679727,5,7,8
312,Legislator 312,Independent,SD,8,-0.7671594405914676,98.88597376644611,8,32,2
313,Legislator 313,Democrat,OH,1,-0.20703817881203337,71.44044641172513,5,36,1
314,Legislator 314,Republican,MS,15,0.10783000874813667,87.25598816992715,2,20,1
315,Legislator 315,Republican,UT,18,0.06004478501972704,82.62255909387022,5,37,4
316,Legislator 316,Democrat,ND,14,-0.04278660472337849,78.53945129550993,10,37,4
317,Legislator 317,Republican,MS,1,-0.616623154434314,80.3552309772931,5,3,1
318,Legislator 318,Democrat,NV,6,0.04686555539018095,97.80202938010916,5,10,1
319,Legislator 319,Democrat,WV,19,0.10647260443835348,97.22128912108019,8,17,8
320,Legislator 320,Independent,LA,4,0.8119376237804622,99.07564406050369,4,20,2
321,Legislator 321,Republican,NJ,1,-0.9640138988703548,93.97557130083442,9,10,8
322,Legislator 322,Republican,MI,1,-0.4081734361343868,74.87264137715101,10,23,7
323,Legislator 323,Republican,MT,1,0.1326652475236541,78.19937102496624,7,19,1
324,Legislator 324,Republican,WI,15,-0.49932828518376937,92.91563795180991,6,4,2
325,Legislator 325,Democrat,MD,18,0.7246635692943547,94.69580486183986,3,7,6
326,Legislator 326,Democrat,NM,11,0.5050799567167296,86.54375728685409,9,21,3
327,Legislator 327,Republican,SC,1,0.16775159523394934,74.3460165639408,5,23,3
328,Legislator 328,Democrat,NJ,10,-0.27335052227659395,92.75645690737292,5,30,1
329,Legislator 329,Democrat,DE,20,0.07289220940405401,72.60309024713933,8,40,2
330,Legislator 330,Democrat,WA,9,0.03520734321151102,91.02394819259644,3,28,4
331,Legislator 331,Democrat,MO,5,0.288503611216386,94.86791568342596,6,15,8
332,Legislator 332,Republican,PA,6,-0.20549917826855724,84.75451102247462,1,4,8
333,Legislator 333,Republican,OH,11,-0.058057450323700216,86.42833970254287,3,23,4
334,Legislator 334,Republican,AL,5,0.15609426541212204,90.08193558547646,8,14,2
335,Legislator 335,Democrat,NJ,19,0.2348163652987526,71.05252247536555,4,6,8
336,Legislator 336,Democrat,WA,6,-0.11454874102594302,73.39114194037393,3,15,8
337,Legislator 337,Democrat,AR,8,-0.1983773401872895,90.63410695875064,3,8,1
338,Legislator 338,Republican,NV,16,0.36967985761096134,72.40290758665651,7,31,3
339,Legislator 339,Democrat,SD,17,-0.02880954424199207,79.47296733502299,7,8,7
340,Legislator 340,Republican,NC,12,-0.4223981467632217,92.93404215248302,5,30,1
341,Legislator 341,Republican,TX,10,-0.5563647766913337,80.49862010404468,4,5,4
342,Legislator 342,Republican,CO,8,0.363628449318106,86.02842694148421,6,12,5
343,Legislator 343,Democrat,MD,8,0.12920457208153302,96.79785092826933,7,38,6
344,Legislator 344,Republican,IN,7,0.13667535827516333,83.42930814484134,8,13,4
345,Legislator 345,Republican,FL,14,0.48837630775455465,79.84163385583088,8,30,8
346,Legislator 346,Republican,NV,15,0.5347101921405754,71.40592020004988,4,9,1
347,Legislator 347,Democrat,NM,15,0.2800848651982694,81.67982064886019,7,4,7
348,Legislator 348,Republican,MS,11,-0.7246592549785764,78.53527347557247,4,4,4
349,Legislator 349,Democrat,CO,10,-0.1652565039755831,78.10773867648095,4,40,5
350,Legislator 350,Democrat,UT,19,-0.7117632323042786,87.28627738542855,4,9,8
351,Legislator 351,Republican,MI,18,0.45861056464815786,88.88459750916809,3,18,6
352,Legislator 352,Democrat,WI,15,-0.27413609757486007,79.40107337664813,7,13,2
353,Legislator 353,Republican,HI,15,-0.9593966217690831,90.66153454361483,3,23,5
354,Legislator 354,Republican,FL,19,-0.08991116036166354,85.97175871720538,4,15,4
355,Legislator 355,Democrat,LA,13,-0.18812494656497025,92.79983375221491,5,28,4
356,Legislator 356,Republican,TX,20,0.3475736859925498,89.49529672972858,4,13,7
357,Legislator 357,Democrat,ME,3,-0.16590358546792072,84.90653144894168,4,6,5
358,Legislator 358,Democrat,NC,10,0.7905906415985745,83.3595106122084,7,19,8
359,Legislator 359,Democrat,TX,16,0.1841011885584023,79.61731830611825,8,15,8
360,Legislator 360,Republican,WI,13,-0.4532994578665858,89.96578925754875,7,28,6
361,Legislator 361,Democrat,WI,18,-0.7136459539957787,70.23094763979316,5,19,6
362,Legislator 362,Democrat,SC,1,-0.15729336607647526,82.11933201411739,7,40,4
363,Legislator 363,Republican,HI,9,-0.3066159366568261,95.40237974841148,1,32,8
364,Legislator 364,Independent,WY,11,-0.15201923197159714,81.25325956149027,5,18,2
365,Legislator 365,Democrat,NC,5,0.1478673693365047,95.25348396971822,7,22,5
366,Legislator 366,Democrat,PA,14,-0.24990403310622167,81.99120036093518,7,13,6
367,Legislator 367,Democrat,ND,3,-0.5936931892137512,92.03549206024036,10,18,3
368,Legislator 368,Democrat,VA,5,0.6477522109754547,92.15655748266727,5,29,5
369,Legislator 369,Republican,OR,11,0.6953628068583035,79.7928408975713,4,25,3
370,Legislator 370,Republican,AL,14,0.9601888039535824,93.82586459396407,3,27,1
371,Legislator 371,Republican,NJ,16,0.3114759101408432,94.32933223433793,6,38,4
372,Legislator 372,Republican,LA,5,-0.12556658400256193,99.70722391502932,9,7,7
373,Legislator 373,Democrat,AR,8,0.005617443197744077,96.02172286948189,4,1,5
374,Legislator 374,Republican,IA,6,-0.4457669593200699,74.8818414309062,1,39,3
375,Legislator 375,Democrat,CT,4,0.36427866104577633,87.73325358983129,3,23,3
376,Legislator 376,Independent,IN,5,-0.6853559092665138,77.18923378735781,7,37,4
377,Legislator 377,Republican,GA,12,-0.522203867214595,84.46546806255355,4,21,2
378,Legislator 378,Republican,OH,18,0.6028954115352152,92.20781883457676,6,37,3
379,Legislator 379,Republican,CT,7,1.2532993508030783,70.82555584143847,4,15,2
380,Legislator 380,Democrat,CA,13,0.045508225787393004,98.47762691089883,5,31,6
381,Legislator 381,Democrat,MS,10,0.7431617959880925,98.07347607798874,4,34,2
382,Legislator 382,Republican,PA,16,-0.4027015424293078,96.70067714294419,4,40,3
383,Legislator 383,Republican,CA,4,0.38542663491219825,88.01184116629884,6,39,8
384,Legislator 384,Republican,MA,2,-0.11841643298771737,79.59992689779028,4,40,1
385,Legislator 385,Democrat,WY,12,-0.6282010638685147,89.60874143056571,2,15,4
386,Legislator 386,Democrat,SD,13,-0.12001952436602883,77.46437801513821,9,40,5
387,Legislator 387,Republican,OH,1,-0.08388539032427386,95.27254617074504,7,28,1
388,Legislator 388,Independent,AZ,15,-0.45430083198297144,98.6528541170992,5,5,8
389,Legislator 389,Republican,FL,20,0.09744373959821573,83.63685141550377,3,6,1
390,Legislator 390,Republican,VT,12,0.03928133274493668,98.15698099089786,4,17,7
391,Legislator 391,Democrat,NE,15,0.6087791511707423,75.47196877887473,4,16,1
392,Legislator 392,Democrat,NH,16,0.4518269954049167,87.54796513123438,3,33,3
393,Legislator 393,Democrat,NE,17,0.20896104751190503,81.98493030620739,6,31,5
394,Legislator 394,Republican,RI,17,0.28879540837741724,98.66497695446014,4,21,5
395,Legislator 395,Democrat,TN,1,-0.4746126843130656,74.60545038804412,7,25,8
396,Legislator 396,Democrat,KY,17,0.8468053951567726,84.90441253874451,5,39,6
397,Legislator 397,Independent,ND,10,-0.5450871307230548,92.288544923067093,2,5,2
398,Legislator 398,Democrat,MD,3,-0.0607318907146584,76.2012111954391,2,14,8
399,Legislator 399,Democrat,WI,17,-0.6286144798486657,82.16804284369573,3,23,2
400,Legislator 400,Republican,MT,4,-0.1955364647069353,84.39454242354259,8,33,1
401,Legislator 401,Republican,ID,11,0.8724902193094721,83.50466809002683,4,28,2
402,Legislator 402,Democrat,MS,7,0.20320715375683332,85.95549969701096,5,36,7
403,Legislator 403,Democrat,MS,10,-0.1392230571932812,81.19010991882533,2,29,2
404,Legislator 404,Republican,PA,16,0.3031063909041036,71.78291900316253,8,36,6
405,Legislator 405,Democrat,NJ,7,-0.25681264015048094,95.96593472408131,5,29,1
406,Legislator 406,Republican,MI,3,0.23869099120843773,82.95748355798423,7,9,3
407,Legislator 407,Independent,NJ,18,-0.06290505430019074,73.19443267770112,4,36,5
408,Legislator 408,Republican,GA,11,-0.49548579924811587,80.13254953548312,8,11,1
409,Legislator 409,Republican,WV,5,0.5915991025567392,82.92495920322835,10,33,3
410,Legislator 410,Republican,NC,16,-0.04674602764979813,90.65164601430297,2,7,1
411,Legislator 411,Republican,TN,13,-0.08530772103846493,71.89902886981145,2,39,6
412,Legislator 412,Democrat,CT,4,-0.5038066110719098,78.92890744376928,6,25,6
413,Legislator 413,Republican,MO,19,0.6191447260978038,84.67268398497254,4,5,7
414,Legislator 414,Democrat,MS,15,-0.4240195926550289,90.55525625124574,4,12,5
415,Legislator 415,Republican,AK,8,0.16708714123543844,84.8821002827026,2,21,7
416,Legislator 416,Republican,OK,3,0.39171380177603815,91.12363858846948,5,24,4
417,Legislator 417,Republican,DE,9,0.6500799171713927,89.28638199111447,3,35,3
418,Legislator 418,Democrat,WA,13,0.4370655393102178,81.69994040858,4,2,1
419,Legislator 419,Republican,IN,5,0.47255314179925345,85.21728105144575,8,14,5
420,Legislator 420,Republican,KY,12,0.1404153404535456,84.47945764055476,5,14,1
421,Legislator 421,Republican,OR,4,-0.09173915718847715,92.3165700188838,2,6,6
422,Legislator 422,Democrat,WI,10,-0.4319484973569592,99.74137643352151,5,19,7
423,Legislator 423,Independent,KY,3,0.06556316582418022,84.85937094315886,8,36,6
424,Legislator 424,Democrat,KS,7,0.22040615406336053,98.17577782087028,1,15,2
425,Legislator 425,Democrat,NY,6,-0.41222310155213365,86.20534067740664,4,27,5
426,Legislator 426,Republican,MO,17,0.3271875018519113,98.19995839614421,7,23,4
427,Legislator 427,Republican,PA,20,-0.19172075856429832,97.46793117607012,6,4,6
428,Legislator 428,Republican,AZ,10,0.15297332028522254,85.69509951630607,5,10,3
429,Legislator 429,Democrat,IN,20,0.002308702000111358,93.99837034288794,3,23,1
430,Legislator 430,Democrat,FL,12,-0.140364569592662,76.01548520149663,3,27,4
431,Legislator 431,Democrat,UT,20,-0.6946894881677883,97.88646304281428,7,26,2
432,Legislator 432,Democrat,FL,3,0.018620955235256396,91.481260554865,3,13,2
433,Legislator 433,Republican,MS,18,-0.4485938385492794,92.91500343475491,7,27,8
434,Legislator 434,Republican,VA,3,-0.31262402246355525,85.78990328358486,3,2,2
435,Legislator 435,Democrat,AZ,15,0.33996169907568574,79.23409103648737,2,12,8
436,Legislator 436,Republican,OK,12,0.7055163610649426,99.99493730952963,2,32,1
437,Legislator 437,Republican,OH,15,0.33825665881302835,85.99111767951399,7,23,5
438,Legislator 438,Republican,RI,3,-0.21793457090194615,70.80058614490554,5,3,2
439,Legislator 439,Republican,NC,20,0.10210733425160548,71.38097938615829,4,5,4
440,Legislator 440,Democrat,OR,6,0.1197490153815371,82.58898922242224,9,10,3
441,Legislator 441,Democrat,MI,10,0.12825733159159883,87.47920479625463,8,29,1
442,Legislator 442,Democrat,AR,6,-0.015726980038689317,97.93173272395507,5,23,3
443,Legislator 443,Republican,NH,11,-0.4579572433590398,83.47287986194715,4,22,8
444,Legislator 444,Democrat,NE,1,0.22420200017917194,70.53789330413565,6,32,6
445,Legislator 445,Republican,DE,10,-0.23733501642709987,95.36413664463907,5,10,1
446,Legislator 446,Republican,UT,3,-0.47220615113220216,81.92702191649005,2,12,8
447,Legislator 447,Republican,UT,13,0.12305070228589568,91.13094202708453,3,39,5
448,Legislator 448,Democrat,ID,5,-0.058034800836513314,88.92507555661723,2,39,6
449,Legislator 449,Democrat,WA,10,-0.16853118482688859,96.05384023394436,6,32,4
450,Legislator 450,Republican,FL,16,-0.470670904712472,82.3923011450097,3,25,4
451,Legislator 451,Republican,MS,14,-0.1894226183529939,99.69529858324677,7,34,5
452,Legislator 452,Republican,AZ,1,0.3742464739959778,75.27181720826775,7,16,5
453,Legislator 453,Democrat,AZ,1,0.3650903671730959,75.99251188570634,7,1,7
454,Legislator 454,Democrat,MT,11,-0.3002360164308644,83.54063163045794,3,20,4
455,Legislator 455,Republican,SD,14,-0.4270436719374539,83.75721409916878,3,19,5
456,Legislator 456,Republican,CT,1,-0.5575281234339419,97.28913643630221,6,25,8
457,Legislator 457,Republican,NE,20,0.04096020556863278,84.30917342426255,8,10,7
458,Legislator 458,Democrat,MN,3,0.47730158108753296,72.66327827004716,4,8,3
459,Legislator 459,Democrat,UT,3,-0.4610406775565875,78.39984661899507,4,15,6
460,Legislator 460,Democrat,VT,17,0.5792294477544369,97.64324996154755,6,24,7
461,Legislator 461,Republican,WI,19,0.45900234351674973,98.79379574907944,5,11,3
462,Legislator 462,Republican,NY,19,0.12681689065075863,94.58963315933943,3,35,5
463,Legislator 463,Democrat,IA,14,0.023724613863871206,75.20682396600023,8,6,7
464,Legislator 464,Republican,WA,1,0.4334526084356764,73.24304458685219,3,28,6
465,Legislator 465,Republican,MD,6,-0.2209712799210849,82.61550893541425,6,37,4
466,Legislator 466,Democrat,OH,6,-0.2003551397244948,72.001263264101,5,19,7
467,Legislator 467,Republican,NE,14,-0.0733806102359116,89.05567521229386,4,12,1
468,Legislator 468,Republican,VT,17,-0.09437347545104502,85.4132860316895,4,12,2
469,Legislator 469,Republican,ME,20,0.07338073233975996,87.09536356618628,6,31,2
470,Legislator 470,Democrat,AK,20,0.3891588099242548,88.38027052814141,1,36,6
471,Legislator 471,Republican,MI,8,0.04373157538508564,83.86533006792888,4,2,2
472,Legislator 472,Republican,OR,9,-0.6681196344948515,96.46689806133509,6,14,2
473,Legislator 473,Democrat,SD,4,0.34056241584852703,82.14247705414891,4,33,2
474,Legislator 474,Democrat,WY,7,0.7575631693665004,84.5507045998238,1,11,6
475,Legislator 475,Democrat,NC,4,-0.997254488555914,85.2489383961074,9,17,3
476,Legislator 476,Republican,AR,15,0.5754050004268445,89.88678982714191,4,33,8
477,Legislator 477,Democrat,LA,7,0.20027860464391534,78.66187946870923,8,11,8
478,Legislator 478,Democrat,OR,15,0.27687352560554573,97.04031388508156,5,29,3
479,Legislator 479,Republican,OH,16,-0.2267775962820473,79.37928811879829,5,34,1
480,Legislator 480,Democrat,TN,13,0.37797878730982004,96.3741440186277,3,32,5
481,Legislator 481,Republican,MO,17,0.32747697453815316,94.48047547368333,2,14,2
482,Legislator 482,Democrat,RI,15,0.006164990678901046,93.86873544426635,2,15,7
483,Legislator 483,Democrat,IN,1,0.4219715012377323,97.94482307741418,9,33,6
484,Legislator 484,Republican,NE,19,0.28091398569988907,88.80998761160299,4,35,4
485,Legislator 485,Democrat,GA,8,-0.02655033945954101,75.0002750614658,7,22,4
486,Legislator 486,Republican,MN,16,0.5630937381038235,89.4513993896544,5,37,6
487,Legislator 487,Democrat,GA,14,0.224706559993805,84.13763327756897,2,37,6
488,Legislator 488,Republican,MA,11,-0.08141168916432018,96.56314635183662,3,40,2
489,Legislator 489,Republican,SD,10,-0.6043467239341628,92.92439342243597,7,36,1
490,Legislator 490,Republican,RI,15,0.2385958130909887,95.94441647874191,2,2,4
491,Legislator 491,Independent,CO,18,-0.5115702687199226,88.70053256396204,7,36,6
492,Legislator 492,Democrat,NV,2,-0.4652726538775378,84.26423660246655,2,2,1
493,Legislator 493,Democrat,DE,8,-0.3337543565984624,98.01691043423489,6,34,3
494,Legislator 494,Republican,NM,16,-0.8083494340064178,89.26873684860766,4,23,4
495,Legislator 495,Democrat,MT,5,-0.013508027761122907,78.43791278079152,6,24,1
496,Legislator 496,Republican,MS,14,-0.3604733168943883,98.64188935840502,4,39,3
497,Legislator 497,Democrat,OR,7,-0.4737019474380584,79.94814197300002,6,40,5
498,Legislator 498,Republican,ME,5,-0.17936688970206152,97.88212151033804,8,37,3
499,Legislator 499,Republican,MD,12,0.22345164826270023,90.71385956602171,6,28,5
500,Legislator 500,Republican,HI,6,0.03723286904716745,74.92669838713482,2,15,6
