respondent_id,survey_wave,fox_news_hours,msnbc_hours,conservative_score,trump_approval,political_interest,party_id
1,1,1.731083946429154,5.944807305071235,1.053380688186735,50.57083195541054,3,Independent
2,2,2.5611154647372056,0.5349447620302554,6.225897672586143,48.6518394947052,6,Republican
3,3,1.070856238776695,6.812695373187904,2.8641882711090147,72.31505354400724,5,Independent
4,1,7.747223084919424,1.8358256171624525,1.7795989280566573,27.021947372704744,3,Republican
5,2,0,3.87525872840396,3.605809034779668,42.744813319295645,9,Republican
6,3,0,0,6.9168081330135465,51.525321821682155,6,Independent
7,1,4.385043209710232,1.3042881596547857,4.00303918030113,61.837735529989004,9,Republican
8,2,0,0,2.3192048044875264,65.30506561044604,7,Independent
9,3,1.7890358882432604,3.634656505470829,2.0530248852446675,61.189732579514384,5,Democrat
10,1,1.8547059029900321,4.368767852960126,6.3220954313874245,39.89430191926658,3,Republican
11,2,0.8795383675467014,1.1890309126931546,4.524234890937805,63.308144276961684,10,Republican
12,3,0,0,3.3709673709236085,62.985387849621475,5,Independent
13,1,7.00074050481564,3.696989079448003,5.641339434310794,78.89065093826503,5,Democrat
14,2,5.93207848109367,0,2.5086136390455067,79.25997125450522,8,Independent
15,3,6.45844639989528,1.9179709929718871,2.562831633258611,68.14797030761838,9,Independent
16,1,3.7384545332111463,2.039839902003712,5.473039132077247,37.56682006176561,10,Democrat
17,2,0,0,2.795832804404199,21.237794016487896,5,Democrat
18,3,4.818953049021083,3.689837003219344,5.517916976008564,20.735546285286546,9,Independent
19,1,0.22837754617191564,3.398869749316475,6.738245408516377,61.98195638600737,9,Independent
20,2,7.9674703420648285,4.426482316119251,3.159528635907918,76.11200991552323,10,Democrat
21,3,3.6948097619633695,0,1.06560940714553,58.385445405729115,5,Independent
22,1,3.2016820781869817,0,2.1568427328020334,43.80621633026749,6,Democrat
23,2,2.6305887833679815,0.568107768316145,4.916171635501087,69.35857770498842,7,Independent
24,3,0,1.6933692532859093,1.7356858886778355,65.50234853755683,2,Democrat
25,1,1.6868155316428521,0,2.6460079280659556,57.89604292716831,1,Democrat
26,2,0,6.1576086729101025,1.927984969690442,29.610170889645815,10,Republican
27,3,0,0.7369904425120831,5.484709040727466,75.36860093008727,6,Republican
28,1,4.515829137448544,0,4.69704010989517,62.228339118883014,9,Republican
29,2,2.517294954127107,3.420871884766905,3.862573627848178,20.99998856894672,4,Democrat
30,3,9.198405488218375,4.756308696387891,5.953491133637726,42.51834192313254,7,Republican
31,1,4.78855417131926,0.3382538895066957,3.753592011053115,70.72583046741784,10,Democrat
32,2,5.233937678586278,6.872595935182603,6.5701831467449665,38.37548864539713,4,Independent
33,3,5.6481171383188835,3.7147898317416472,1.5954044489189982,29.461995661258698,5,Republican
34,1,2.9234357118627314,2.600462534773314,4.036600511986762,20.204229094088078,7,Democrat
35,2,5.159646628977455,0.9607392033086951,4.1155567448586226,30.007288795895875,9,Republican
36,3,2.246285790492119,4.51534910364467,3.6963546234183013,70.65189395099878,5,Republican
37,1,0.31813892247817277,0,4.4339313129894435,64.90175001323223,7,Democrat
38,2,0,0,4.850862634368241,67.64123931992799,8,Republican
39,3,8.898030659843016,6.531204761260673,4.614767794962972,45.80410426482558,4,Independent
40,1,1.5647767320470003,4.937967995995836,6.543947717174888,71.52061473578215,7,Independent
41,2,5.221987246410767,2.825571619334413,1.6327491467818618,67.40631300024688,6,Democrat
42,3,3.7288231447796,0,1.5041972598992288,34.23535722307861,8,Democrat
43,1,3.92568097419276,0.9088921488714876,2.232695883139968,27.36838027369231,9,Republican
44,2,0,0.0029690964491242977,3.0479612383060157,27.52496176864952,9,Democrat
45,3,2.7235030132616322,2.040418404984638,6.856167712248862,21.04813574347645,4,Republican
46,1,3.4876856165327093,3.633977266861186,6.510875556152314,76.773273553699255,6,Republican
47,2,5.60942186376714,1.3544986309804596,3.0335211190395057,45.81406867131591,10,Republican
48,3,0,4.762269386846806,5.006072422489524,78.81972901523113,7,Democrat
49,1,2.4544579018648753,1.8196515406378149,2.803043597843498,47.336456114426255,9,Republican
50,2,0,3.987552968393217,3.7763041090220213,30.618597827851772,2,Democrat
51,3,3.1625316428575587,3.8046112498803626,2.797829343006015,41.3753255084157,7,Republican
52,1,5.320567507466161,0.04252213738532923,4.788403979036957,26.959067480638623,7,Republican
53,2,7.070188187704638,4.942949559698938,1.9046603082679212,21.669690227136016,3,Independent
54,3,2.005867432172976,3.280144179343449,2.592114109545946,28.729257425293326,3,Republican
55,1,6.5671224194827165,2.497593586445016,4.2987751653417945,34.479157673195004,6,Republican
56,2,2.7430532196313613,2.968353894545013,5.190838656388223,58.985470118932426,6,Republican
57,3,6.045087560113057,3.824461141163862,2.317346447147429,70.86820499971509,2,Independent
58,1,3.5986364163464923,5.501903915832808,4.489451935980469,26.88627088908106,5,Democrat
59,2,4.606284438333328,6.0834040492311665,5.171117781661451,35.38072149269283,6,Independent
60,3,7.765307955279996,2.3333211996991716,2.6888464228250086,21.579797263257205,8,Democrat
61,1,0,3.446880230708221,2.6487497952766716,66.6829136153683,6,Independent
62,2,4.708703941481254,1.0052946540406738,6.129571725148708,75.54993798490614,10,Independent
63,3,9.907654568243458,1.5255631560342728,1.2566435653716326,78.10739757027477,2,Independent
64,1,4.698936720253521,3.428816049661256,6.734291466418654,30.69842374883592,5,Republican
65,2,6.836121837747616,0,1.8787901480682194,31.931946794502437,10,Republican
66,3,4.772234389036322,4.739160337363619,1.412641306873411,45.718696443364024,8,Democrat
67,1,0,0,6.462175894062966,68.15600437577814,5,Democrat
68,2,2.363930324215615,0,3.5484346449375153,59.53846820630133,8,Independent
69,3,4.395799464165892,0,4.98665534844622,73.31454844679683,2,Republican
70,1,2.8703231808272385,3.0095807944991684,3.553587886504829,26.539998026564717,6,Republican
71,2,0.49527295593855314,1.6796761402810672,3.8180922465398908,40.08975089993328,3,Republican
72,3,2.2424081283792106,1.7117835436480318,4.425683946348727,59.96569632552564,8,Republican
73,1,1.6271971518364592,7.203145564129443,5.317537259776145,41.075054137036204,6,Republican
74,2,8.215677875510075,0.36957581776770904,1.8115334929898381,79.79821388144046,9,Democrat
75,3,1.4343121084886563,0.695412140519603,1.2670941767282784,30.129840029403567,9,Democrat
76,1,7.141534007884234,2.569415534299885,2.2432417031377554,60.32582264393568,8,Democrat
77,2,1.1262312324662114,0,6.734642925206572,30.409616166725755,7,Democrat
78,3,2.3642247708447646,2.183229633742012,5.7177824499085546,61.918097543530166,7,Independent
79,1,3.990925868069611,0,2.454776044934988,22.775559863075614,7,Republican
80,2,0.24187689292893377,5.311198054258479,6.775142463855445,30.150761078111827,10,Democrat
81,3,2.060470094374823,7.485856796727154,3.823833112604916,50.094389924779534,9,Independent
82,1,8.35131864151767,0,6.894310304429382,32.623606328852475,1,Republican
83,2,5.406233462478735,7.134843322152525,5.17880166368559,39.22358806245029,9,Democrat
84,3,3.9145001431528894,0,3.8915570937097073,46.79941412527114,8,Democrat
85,1,6.791169144397032,2.443768650169555,1.6247191885486245,73.4299655770883,7,Republican
86,2,1.3985118443875257,0.5527733278004747,1.1799562382511795,67.39521636627614,3,Independent
87,3,0.5717140366847322,0.8009582886686681,1.7426569303497672,54.24979425035417,8,Democrat
88,1,4.863361905991028,0.17284325145751916,4.168705853633583,40.958750899881124,6,Democrat
89,2,5.404855191055644,2.7482039039853743,6.992796970997006,69.64883798267692,9,Republican
90,3,4.180512870113157,4.591951219665331,3.1514202607795596,66.90785870887339,5,Independent
91,1,8.125606785477103,0.6821311877899623,4.836125769186765,63.817268619313836,2,Independent
92,2,0.5385735583942027,4.13949293960777,5.817477696109563,79.8264459753409,1,Independent
93,3,5.387725860317882,6.191214878965225,5.69987673079595,44.8320829635486,7,Independent
94,1,1.8662507142141285,0,5.3425685479305685,41.54720150399953,2,Democrat
95,2,0.5734278444160024,2.825417123636578,3.4604430780746043,49.580055279657245,8,Democrat
96,3,7.112662873776784,2.467090998349687,4.824453143402934,33.056546743027866,2,Democrat
97,1,5.535366383668502,0,5.395506541710347,24.379425831139088,1,Republican
98,2,0,3.0403178515929303,1.267930115107447,76.17187327239662,5,Democrat
99,3,3.5947038287960287,0.638964350241683,5.105133035685867,77.97329160384834,2,Democrat
100,1,6.432135253075031,2.9983263575726316,1.5063578491099179,22.647246811538935,7,Republican
101,2,0,4.020971441695568,1.2196054244413972,50.85292173549533,9,Republican
102,3,5.00995041525368,0.7294334326786929,5.947540441993624,28.556336723268032,4,Democrat
103,1,0,0,5.7014903840608895,37.37434453330934,2,Democrat
104,2,0,3.861846260991096,3.714007612783462,74.63797297794372,2,Republican
105,3,3.8003052063232534,2.689035057082832,5.240228484384716,28.713918877765536,4,Republican
106,1,4.94968168913842,2.493971802415955,5.862521339673549,36.973628723062575,1,Independent
107,2,4.942397571534433,4.676622679992668,2.789340321905911,26.945882020518184,8,Republican
108,3,4.748664822359398,1.9983342328495242,2.93363899551332,49.85179343726486,10,Independent
109,1,2.2567273990814516,1.9032394838553115,1.456551764626056,56.603126022964716,2,Democrat
110,2,0,1.3709399532661917,3.622185052372515,76.24043951742351,5,Republican
111,3,0,1.4163202531667238,1.5847442355006933,34.393562180921435,10,Independent
112,1,6.627847850154537,4.597488669089235,5.2539392677135766,78.54804100934416,5,Independent
113,2,2.846756720479427,0,5.050019693560898,21.219669841229916,3,Independent
114,3,0.801563353184221,4.027700773357317,4.860522706527263,58.91173384618014,6,Republican
115,1,3.418341926256049,4.953668141063906,1.3696993892081082,65.80271114595234,4,Republican
116,2,0,5.922684626617642,5.10322186537087,24.280741619877517,1,Independent
117,3,0,0.14993932182845882,4.456123188138008,44.538599187508225,5,Republican
118,1,4.713169664658973,4.400629990752589,5.78646683646366,55.43138687964529,10,Independent
119,2,2.3369248038541635,4.492942370675618,6.890217067673802,26.232945891097188,10,Republican
120,3,6.309377479450482,0,3.5657467884011567,62.12225776631385,7,Republican
121,1,4.420513984733033,1.0995658001138995,4.8825337016023695,36.62419832777232,9,Independent
122,2,0,0,1.1972141424193978,76.91725938115269,8,Democrat
123,3,2.049731830027211,1.8965446243113095,1.3696417747996747,26.9149886444211,8,Republican
124,1,0,6.49642330106321,1.6806778945028782,24.17646455578506,10,Republican
125,2,3.965702283827059,0.864035850632631,5.101115402299911,53.861183570697904,1,Democrat
126,3,2.6061319503326614,2.4431660595226616,4.090823304839432,39.4200249761343,7,Independent
127,1,6.308445563575326,7.380999494690092,6.130889722146094,28.8897842541337,3,Republican
128,2,1.1282651323713886,1.0056085346792523,5.754241282586008,23.559344308450818,8,Democrat
129,3,0,5.003602116624423,4.07015341706574,68.48398372065276,2,Democrat
130,1,1.9781869852236658,0.559395662435396,5.518845752347261,60.34587068948895,10,Independent
131,2,3.447469662479946,3.545906031182703,4.611391270998865,68.70693068020046,4,Republican
132,3,1.7366372268789578,2.172759006645914,4.013911256100982,28.962806263007224,6,Democrat
133,1,2.8665640186867636,3.4776778544546474,2.1391115221194923,45.642294962890446,3,Democrat
134,2,1.2499333876555279,2.461779237979855,2.59703371534124,53.19380589295179,8,Republican
135,3,0,2.11360622986869,5.180210303980857,41.02214288432151,8,Republican
136,1,0.6696283850884093,1.1446914719181214,1.3098424850031734,74.2802576161921,10,Independent
137,2,4.576664944415705,2.76214255807447,6.717749459203333,53.95856489893049,9,Independent
138,3,0.6513707050703291,5.713071936126605,1.3230935977771878,54.861518130637705,7,Republican
139,1,6.0591775110329396,5.004179039690077,4.847644412424415,60.99435457959771,10,Republican
140,2,3.6668535296436606,0.08001464707371275,6.002918814308941,35.12679075822234,3,Republican
141,3,2.4248989419628573,0,4.190559548325837,61.019286047667265,4,Independent
142,1,0,5.764540464545582,3.190734564792365,74.77026535198092,7,Republican
143,2,11.063128375013326,0,6.176597584038973,53.19280400406569,2,Democrat
144,3,0,0,1.310003386810422,52.083968445658684,4,Republican
145,1,3.287913999803237,1.197822244468222,5.091226301621646,29.085815958678722,5,Independent
146,2,7.151148678783954,2.483414808498444,3.1559820864349604,73.96685500163585,2,Democrat
147,3,3.542675892318548,3.184140775233903,2.7666271859779954,29.055527853779495,4,Independent
148,1,0.925801408538206,4.502748838133287,2.445773605722934,26.564745022915304,3,Independent
149,2,0,4.542773957529577,1.4127624896354973,42.019637138582766,9,Republican
150,3,0.23065954078134854,1.3250642896876035,3.3491727435030043,64.42972370889038,7,Republican
151,1,2.996662171331215,2.1084698214590833,4.687444963958114,66.28475497011095,7,Democrat
152,2,1.5713120070129962,2.5169293721221266,3.1070607607252896,49.791280664503574,8,Independent
153,3,5.656300467553328,0,4.6206612479873,37.3045048257336,2,Republican
154,1,2.885624637212388,1.1192070370921283,3.7322716820053756,61.14128605928272,2,Democrat
155,2,2.310038300024836,1.9472096729506108,2.000780889298767,34.704904705286026,10,Independent
156,3,4.36136065046288,3.202555255692379,5.556377380620688,62.381152445450425,3,Republican
157,1,5.555173975642419,0.08030342284223324,1.476387263275683,27.163405679166317,4,Democrat
158,2,2.7713267115251194,3.836404839873282,5.098256492987275,44.27365315146744,9,Independent
159,3,2.928926161159998,1.5981728035563338,6.717432638630271,20.66722101997584,6,Republican
160,1,5.009286799805674,0,1.397412897553295,49.98768261168152,4,Democrat
161,2,6.508543078565589,1.7122042589306388,2.3037094022147357,48.096158052794635,3,Republican
162,3,6.856548470872088,2.5782117656319743,2.5374106117524207,47.32593193650246,7,Republican
163,1,0,2.6727629086205527,3.593038009479642,36.08316677622497,3,Democrat
164,2,3.8377063072012176,1.2332473562979698,2.971423503011465,31.398492972366512,5,Democrat
165,3,1.9140345190883603,2.0183661818336254,1.6827020207419991,23.563650595024228,8,Republican
166,1,1.3490430190311349,2.4337915870108846,3.1945327892899513,42.34570817556232,7,Republican
167,2,6.944298905516162,0,6.8849351541139185,43.74906366690993,9,Republican
168,3,3.7930450915264515,7.057577022500222,6.895430992823094,71.82603927329183,10,Independent
169,1,0.7631906197096141,0,4.46316478587687,47.667333404533565,6,Independent
170,2,5.6821391814720315,3.2429263994951247,1.821089104283601,79.43827559705824,8,Republican
171,3,4.417703260661785,7.212830027333164,6.762864981777966,38.484207154251635,8,Republican
172,1,6.4067516931083,0.9133913174664818,6.528400031384081,50.58579801116139,7,Democrat
173,2,6.218780165140903,1.88719762683767,3.062248886562884,21.515747997909784,9,Democrat
174,3,2.353842154079949,4.680076331224679,2.4475892670452595,22.825703704729676,7,Independent
175,1,4.422070921102412,1.50639246797183,4.268611419945955,42.36490501090884,8,Republican
176,2,2.5703523794471206,0,3.4658645796589553,50.05584543570876,9,Independent
177,3,0.11872021231619734,0.5285158212415604,3.3831393136642873,38.06250998750329,2,Independent
178,1,5.531770708820954,6.673506513747489,2.734987784177065,42.48352475464344,4,Democrat
179,2,0,0.5604376674429777,1.2318857968784869,55.59629369992763,6,Republican
180,3,5.080528442849439,2.348282738237027,3.2118174443021417,77.4330587638542,2,Democrat
181,1,0,5.406437556875652,6.9517607796005905,52.29448708239943,1,Democrat
182,2,0.5346989798870336,5.05789222329993,3.5173235167749226,52.52481528557837,6,Democrat
183,3,0,0.890496843146177,4.044832363724709,66.72394779510796,4,Democrat
184,1,3.731670397795346,2.1350975115089152,1.1626904760487378,40.53611459676176,6,Republican
185,2,0,3.4443554766290045,3.4427988142706454,35.31718007288873,5,Republican
186,3,5.85108448895378,3.6485324445217016,2.538158295676112,20.805974793620408,1,Republican
187,1,1.0257014465512593,1.4324868223509624,3.3321476955898106,38.07809591293335,10,Republican
188,2,0,2.6033618492836954,3.3663524235598743,21.020073564723134,6,Democrat
189,3,5.479036597141686,1.7522598578106408,4.565322147682309,49.178313817828894,2,Democrat
190,1,0,3.082703171465504,4.83902213582769,53.2495382707566,10,Democrat
191,2,5.475267576450367,3.2739326019109938,6.071341373957694,44.66320001985878,3,Democrat
192,3,5.1854000256412975,2.2667301976562686,5.6025812164880335,68.01547829061747,9,Democrat
193,1,1.9785377858631965,2.1682039308318553,5.290239344350994,33.85370965581387,9,Republican
194,2,2.5322951889342313,0,2.5286940024234354,62.36673055682331,10,Independent
195,3,5.326407827286031,2.750436645251198,4.9567179954610765,28.503108215518296,5,Republican
196,1,3.0726720497901514,0,4.774470425676554,28.67114381864667,7,Republican
197,2,4.767836480561918,3.119107654291708,5.939242876134813,34.502421603538096,8,Independent
198,3,4.077011056366587,0.0033276832168237513,2.410087049473077,48.048217170871794,5,Independent
199,1,7.816090055322181,4.403836728440402,4.871479943860322,76.35666367132217,7,Republican
200,2,0,8.214306143456055,1.990875517949462,62.02119171153754,2,Democrat
201,3,4.435211297862316,0.5973597796033541,2.2337735262699425,25.27220005169511,5,Independent
202,1,2.320189609978569,4.6752659546495465,2.7483743457123637,73.05926555767655,1,Democrat
203,2,3.365614993198109,4.3094737547200275,4.528447533491999,49.850340532138944,9,Democrat
204,3,3.2364090782159636,4.779172690757513,5.684870298020542,28.266422520391643,1,Republican
205,1,5.0066274601445535,1.1223862341829915,1.2118818834424019,68.06990636046976,10,Independent
206,2,8.524395696587439,1.0781746583673844,6.802606433164328,56.55746809206903,4,Democrat
207,3,2.1596564068108117,4.420190123420358,1.386406454257667,63.58754698652774,1,Independent
208,1,0.09705711404332906,1.3104980137064963,3.3236463852226734,73.42430097516626,3,Democrat
209,2,0.7759287650489949,0,4.318828614428639,53.43998222146183,9,Independent
210,3,7.546944696915702,2.8822825470126565,2.4791969126090407,52.956784502603114,5,Democrat
211,1,1.1730055822338064,0,6.2184783751145005,53.3685831585899,9,Democrat
212,2,0.9155339702189162,0.7345042589709507,3.5472913994453847,59.72785834223032,2,Democrat
213,3,8.226006381501106,1.3576730439288478,6.273032448720187,52.74535330012441,7,Independent
214,1,3.744064513668223,0.26594434125298566,4.727037197910249,67.66402974259108,10,Republican
215,2,5.384179714206858,3.3331244688706416,1.4337486601434648,78.43337435275316,8,Democrat
216,3,0,0,5.195545746013522,69.08677412662655,10,Democrat
217,1,4.745935552275522,2.2337705391466693,3.272430623881519,57.248239745385945,1,Democrat
218,2,5.538142078254662,1.7995563546319981,6.386388198006898,39.31968370452523,2,Democrat
219,3,6.040526204444927,1.88366693797515,1.7627764302305877,24.72126940265298,5,Republican
220,1,0,0,3.9384673102758825,37.8444982226938,7,Republican
221,2,0.058214696431196256,0.5224556760938397,1.162155766505748,34.13498481269926,6,Republican
222,3,2.7219650358433807,0,1.7038553194142878,38.91107005998492,2,Republican
223,1,3.3749316295324947,0,4.638671386055648,63.8943499000743,4,Independent
224,2,6.346889136994923,2.509360371747089,2.838945563416928,51.87692150939256,7,Democrat
225,3,3.8730140102950625,0.6913918081396271,3.475198925472796,68.56020377483219,6,Independent
226,1,4.80778893435824,1.1144346056255763,6.572610322386026,46.156822657212615,3,Republican
227,2,2.577536628202944,3.7172473102099493,4.434972187504172,30.646561002358794,10,Democrat
228,3,0.8930642457937469,0.32813188634231844,3.656157359946519,41.36975537054241,4,Democrat
229,1,0,1.8116234616971427,1.3450629417784512,69.05911972746253,2,Democrat
230,2,4.886757201732536,0,3.195149844046682,26.33512971457094,5,Independent
231,3,1.5561700724857142,0,3.829086030367762,69.97410884127021,4,Democrat
232,1,5.026258183068987,0.462396921401682,3.2459499705582857,59.30600883439183,6,Republican
233,2,4.257282751622398,0.023856398484352226,1.9556510574184358,69.95299614034593,9,Independent
234,3,3.4854738753746104,0,5.350723539013416,73.87247192207724,6,Democrat
235,1,1.8627182347200288,0.049697052776361994,3.3544143177568913,42.35219981987029,6,Democrat
236,2,0,1.6596978566610538,4.549799491651356,48.3553298516199,7,Independent
237,3,6.95141486506547,0,3.394789044279605,41.86403951141983,6,Democrat
238,1,2.37674741363295,0,5.5960381967015564,28.49844330921769,8,Republican
239,2,4.310939523289685,3.048668780083269,4.67848224658519,29.7107268916443,8,Republican
240,3,0,2.81168234792728,4.465538299176842,29.47231076657772,3,Independent
241,1,1.8047511970339811,2.0445847110852653,4.25080704363063,66.55816503800452,5,Independent
242,2,0,0,3.9400526955723763,64.75098940078169,10,Republican
243,3,1.898805290945701,2.61462203156397,2.1594192180782557,25.488298102281988,2,Republican
244,1,8.321752980461419,4.3223605056875956,5.884798143059015,55.03804316278547,3,Democrat
245,2,5.964642820369244,5.6651613647574806,6.444193873088807,79.81199766974896,5,Democrat
246,3,2.0972353270895026,0.842404709516801,5.471110826358199,54.28485967684537,4,Democrat
247,1,1.8696853529674247,1.6291707918913427,5.008171686902642,61.74095148220658,6,Independent
248,2,8.967751659237377,0,3.739408837631345,58.23564840480685,8,Republican
249,3,2.538444741324265,5.420850146129055,1.2349849175661802,70.05230928771198,3,Independent
250,1,10.43139509447991,5.760301841233522,3.2906543272547424,25.942351021803916,8,Republican
251,2,6.418580784657973,0,1.911825018003583,62.74304543156177,2,Democrat
252,3,5.321271108928483,2.1771186653716037,4.387990223243833,29.290844406932592,2,Democrat
253,1,9.07530290905694,2.8840738698505084,6.678014941047877,75.53944667801261,8,Republican
254,2,2.785631847865215,2.538587298572595,6.812660099938512,65.6939856801182,2,Democrat
255,3,0,0,3.5582435238175094,37.68591994885355,2,Democrat
256,1,3.3940484277031735,0,6.6717359707690775,64.1766469925642,7,Republican
257,2,0,2.54805635467644,2.9888955033384264,47.9576012538746,1,Independent
258,3,0,3.0422059494351412,4.4146994119510055,24.567677243612707,1,Republican
259,1,0,5.209757936455251,4.448575629387051,66.5147107373923,10,Democrat
260,2,4.576977830125426,5.806328242962912,4.447367988526821,29.145578215830028,6,Democrat
261,3,7.590529792684743,0.6613642817009884,5.595529726706445,57.08676834590733,10,Democrat
262,1,4.675705556840376,0.7876615804934006,2.414005413185805,73.76322648487985,2,Republican
263,2,4.860979213000437,1.9315344431773473,3.451796899084002,44.68658006750047,8,Democrat
264,3,0,0,6.85591190494597,61.78887506946921,1,Democrat
265,1,3.6315808978774395,2.2924621451514122,6.1005819770507514,29.780203788541257,9,Republican
266,2,2.856685646518588,1.3816897574122364,1.1337753674015403,38.65928861312568,6,Independent
267,3,7.254845542878699,6.215102367040497,4.9657542165368795,34.427969278767705,2,Republican
268,1,0.873276351376904,4.30385719723789,3.8548590247519314,41.748326597735286,1,Democrat
269,2,5.341969035078648,0.9569253585266602,5.31008854880929,20.024188524112105,10,Democrat
270,3,6.382574918658513,0.7930386875578703,4.862201023381203,45.08042498026043,5,Independent
271,1,2.7995321092381746,0,4.055256720166653,29.361334452405572,3,Independent
272,2,8.317450461248187,5.361329088643199,5.992764507420361,39.45708599407226,3,Independent
273,3,2.750585811383164,2.339758855348548,5.958940646145493,62.93272724375129,6,Republican
274,1,0,1.9546695908313174,3.495861160568893,32.343631219118834,3,Republican
275,2,1.5436825399545102,0.9395457667100189,6.894366720225662,43.03863403387368,9,Independent
276,3,1.4243704128808705,0,5.930316219106317,76.74261034466326,2,Democrat
277,1,3.073259650927678,5.446156229192119,3.9563998305238783,39.623080170713365,2,Republican
278,2,3.154772136879355,1.3109414939871598,1.5079672862775624,45.39564005564898,3,Republican
279,3,3.0586989350270395,3.300720492158352,5.075182457454503,62.943721702322364,4,Republican
280,1,4.013793369083581,3.9946166690340124,6.631165049038827,23.028658875264227,4,Independent
281,2,0,0,5.912649472244084,31.397674046456814,1,Independent
282,3,0.30184884890402885,2.9108960523855116,6.923328143078834,53.54835905600339,3,Independent
283,1,2.858340718235082,0.13496436793223532,3.976919968612492,38.53355380706489,3,Independent
284,2,2.106191593518515,3.5333827682074315,1.3709622067399323,24.03790710028261,9,Democrat
285,3,3.011245698494917,1.6763668895524892,2.1609273543581367,48.17672494798899,8,Independent
286,1,4.011282471081651,7.049418411429,2.3475217623636127,27.00423509813845,1,Democrat
287,2,6.417977467080711,0,3.350348920095712,47.379794172011316,4,Republican
288,3,2.601867814355226,2.737198962952793,4.778573072515428,73.2823329931125,2,Republican
289,1,0.6664191786608626,1.5820080052715038,3.877663773484528,30.860171765089035,5,Republican
290,2,2.5881641268767464,2.867371251852979,4.44201419595629,35.941920266486704,8,Democrat
291,3,3.757524770809669,0,5.767914725933224,75.79419499728829,3,Democrat
292,1,0.38044430196788326,3.482671195031102,5.920931525994092,62.116583357565105,5,Democrat
293,2,6.13534210793766,3.4814499861841206,5.2415991965681314,48.04462999571115,2,Independent
294,3,0,2.5470764254139855,5.8120855102315545,44.23353335354477,9,Republican
295,1,0,0,3.0709885489195585,69.54721592832357,7,Republican
296,2,3.243605571795433,0,5.360432596411556,53.40500860475004,2,Independent
297,3,4.034264082370184,0,1.5651647439226508,43.575601214542985,10,Democrat
298,1,0.7545856360030356,5.413569451837907,5.750025392044336,32.46286078821868,9,Independent
299,2,2.225917961223172,0,1.6501863049343228,27.198316850699484,3,Independent
300,3,4.672517759830907,2.815157625123305,5.220297110732645,73.75520343892276,2,Independent
301,1,0,3.7553236691841407,2.6422810181975365,75.9392405487597,2,Republican
302,2,0.87994429307258,0,5.707358189858496,75.10242480784655,3,Republican
303,3,3.6121116738895083,2.9564763226994706,5.823690445162356,20.12624633964151,1,Republican
304,1,2.5803415141261272,2.8146486413449936,3.195305058732629,67.93936063535511,9,Independent
305,2,5.032976563644436,0,4.405799895524979,66.78003007546067,2,Republican
306,3,4.554055867941174,0.6961468914852941,6.533718122635037,74.09715285990387,5,Republican
307,1,3.326214765455235,0,2.1558651444502175,34.15313571225852,6,Democrat
308,2,1.2710371988400517,4.94063732153853,1.9725138917565346,36.873172423802316,1,Democrat
309,3,1.9310600136455793,0,3.8807793143205345,48.51043122820556,3,Democrat
310,1,0.9925918073878006,1.275786461512868,2.8022130001336336,40.98717795684934,3,Independent
311,2,5.64642097128179,3.2394003591013525,4.477270991075784,22.159600774757564,2,Independent
312,3,4.364056256927269,2.1631571362576274,5.485298039857298,43.80300835240632,1,Republican
313,1,4.3084959317369735,2.542523987269985,3.5753164645284414,23.593157241120934,10,Democrat
314,2,4.167676481340619,0,3.1995988632552326,39.66853876598179,4,Republican
315,3,2.4343001398869344,1.7394327191275372,1.2589464080519974,56.967493374831975,9,Democrat
316,1,0.43411382439361235,0.9452570544752521,2.4688946581445634,21.845828029327095,4,Independent
317,2,2.987672865309199,2.745980641668083,5.50644463300705,79.45932357572019,6,Republican
318,3,2.5921327265365743,3.4288587240001296,3.164627516642213,20.396989858709276,4,Democrat
319,1,0,1.3716266578803733,1.699753980152309,38.64839961286634,4,Independent
320,2,3.2117745690449135,7.601842797477773,3.356697887647897,40.54490260314196,2,Democrat
321,3,4.409383004153143,0,1.796934966929257,28.273027082905173,9,Independent
322,1,2.4372819335115077,4.822463052224013,1.561881106812507,66.43596562091261,1,Independent
323,2,0.41959164604116805,0,5.763587494380772,21.54387411661446,4,Independent
324,3,4.602046292108797,1.7866254254125233,6.48069480387494,36.902657598257065,9,Republican
325,1,6.553345384729781,0,6.198818969074637,73.88952882960439,10,Republican
326,2,8.24865554139717,0.28831781993590727,3.2110998374409974,67.38689776044339,5,Independent
327,3,1.670073986193083,2.0328334525057943,4.392681747674942,49.05267840716988,2,Independent
328,1,1.9706700499198448,1.540871324975836,1.5615585963241756,62.49999245163053,10,Republican
329,2,6.747578362142042,2.2217854155574797,6.326888765208423,79.87913573626429,1,Democrat
330,3,2.1031670313150355,6.835165093336222,5.567445682361722,46.84136478230357,5,Democrat
331,1,0.9785386385409982,2.206927739959719,5.936781685333699,42.42785930633545,3,Republican
332,2,0,0,5.872827284969389,31.763389334082603,5,Independent
333,3,4.003176104697387,3.466260165962669,3.3381821545772254,51.96792003232986,7,Democrat
334,1,2.9386324105480583,2.6643299491833456,1.5500879464671016,43.01279903855175,1,Independent
335,2,3.3570525907904303,3.5486346742151005,4.128120090346783,78.67107248399407,8,Democrat
336,3,3.043040182232758,2.392323924984655,4.712817163672298,58.02015002351254,7,Democrat
337,1,7.337756525177639,0,1.9756877231411636,67.24013414233923,1,Independent
338,2,0,3.828329970170256,4.859917059540749,23.54588618502021,8,Independent
339,3,3.705356034674696,0.9608370103772401,2.5805946364998817,68.35234289988875,8,Democrat
340,1,3.500768137014772,2.4694986241954964,3.101646101567894,76.29170199390501,2,Independent
341,2,9.113115370726474,0.7815117804395247,3.7433586600236595,37.24874790292233,4,Independent
342,3,2.355395902627731,0.6312250009655578,1.4952434273436666,65.06192911881953,6,Independent
343,1,0,1.2570147868360717,2.7646093503572047,22.83727891743183,5,Democrat
344,2,7.059901158267088,4.464826543696956,5.222597167827189,52.67452711239457,6,Democrat
345,3,5.354035964942873,0,4.293599025812,77.63429934624583,6,Independent
346,1,1.261685574488002,4.060607375743329,1.6742257359437644,52.02603349927813,4,Republican
347,2,2.3931522094731235,0.10335063638432496,4.073709192220122,77.93801830615848,2,Independent
348,3,3.992292200133203,2.4743899015708535,4.823819479905069,25.54223528597504,2,Independent
349,1,3.51829992587064,4.792394273524804,3.7120613125152886,73.93997828941792,6,Democrat
350,2,2.532972248434941,0,3.6515675275586545,34.225790621712804,4,Democrat
351,3,8.707938321717416,0,5.758425341453403,44.884878350421786,1,Independent
352,1,3.445650028207166,0.21217186274832062,1.8368902811780572,43.352502402849495,6,Democrat
353,2,0.6732172436584153,3.7755132585007796,4.385518126189709,61.32652760017663,8,Democrat
354,3,0.15236264263386434,0.014109059969454774,1.3840810894034803,39.060481269843876,3,Republican
355,1,1.5477379422055808,7.629443781845614,5.8841772228479385,77.0210798131302,10,Independent
356,2,3.5973990297630345,0.8978981418509963,5.244296761229634,27.302632611244917,7,Republican
357,3,3.5460268443677863,2.312097677357289,5.901247269008309,69.71808346919715,3,Independent
358,1,3.3888833913591503,4.729733016017434,4.052858111448586,56.15602323785424,3,Republican
359,2,0,3.024064950887734,2.9006621101871133,66.59225654322654,5,Independent
360,3,2.935459222244522,2.1471080513462373,2.3075166791677475,51.03152075782418,10,Independent
361,1,5.50556499332785,0,2.1888369279913604,53.873987570405006,6,Independent
362,2,1.3065933468999402,0,6.61380873573944,50.70380602963269,4,Democrat
363,3,0,0.01936202669919246,5.507651498541236,42.94627317227423,5,Democrat
364,1,5.495591219305776,3.9703543063875526,4.0734439748339355,65.42754684109241,1,Independent
365,2,0,2.68570092261029,5.268627925775945,48.13016737345606,9,Independent
366,3,2.4398966575857446,2.2037574205503225,3.1256461599841714,45.87525905109942,7,Democrat
367,1,8.65735315787754,5.630133624628086,2.694872853346169,51.01047111675143,9,Democrat
368,2,1.1726892372583935,0,5.333745818119496,59.47942765895277,2,Independent
369,3,3.891151902756524,2.720810635346159,1.5079272305592895,66.15982999559492,2,Democrat
370,1,1.4920024020698686,2.2896882306371205,2.622999311890453,42.73831097409129,6,Republican
371,2,2.8889383128128996,2.616038216768776,5.956293900962919,35.39875952992588,8,Independent
372,3,3.9533674580034592,3.5266899358435237,5.729477470740676,29.81444056611508,4,Democrat
373,1,4.409685740080504,5.721960651217419,2.933429049793631,69.56992642953992,3,Democrat
374,2,0.3842453773253569,2.446312693291578,2.0462805964052677,28.538107704371214,6,Independent
375,3,7.950937085303213,0,2.9946938985958695,55.3193223150447,5,Republican
376,1,3.250914460815142,1.867008371478667,5.300213334150612,65.43402352370322,2,Republican
377,2,5.5697790543908114,3.4524364779233525,4.313943842425942,52.841266873292625,4,Republican
378,3,4.798764973148841,4.968441286186199,2.5831821621395648,72.44962956756353,5,Republican
379,1,3.5957117698795473,4.914860937485541,3.4418531553819776,70.37280547898263,1,Independent
380,2,1.2707674419071435,0,2.9731819801963866,62.74020140990615,8,Independent
381,3,3.231813753430891,2.013209901129298,1.488818331155926,39.69379415269941,5,Republican
382,1,1.5232129713563711,4.383425516194116,5.56042488431558,58.88547268696129,2,Republican
383,2,0,1.4997261465464253,1.597628792282194,33.661660444922745,1,Independent
384,3,0.9837212961241177,4.664873954118309,1.4125756584107876,21.234712479636073,5,Republican
385,1,1.2320702190182904,0.6490616999486134,3.1777254305779934,53.57315810397267,8,Independent
386,2,0,4.888311761449941,1.1246916097588837,41.00454246625304,10,Independent
387,3,9.034367630251344,2.018555555961982,2.282973318360746,44.433890343643725,4,Independent
388,1,4.8915161288338265,0,2.1256711431778967,43.30605964642018,10,Democrat
389,2,0,2.4390597351931818,3.7606919719837606,47.21551903989166,10,Republican
390,3,0.19055470831671517,1.5593409904367093,3.5142646599560976,66.41123130917549,10,Democrat
391,1,0,0,1.500147012528032,29.49104251805693,1,Independent
392,2,0,0,4.611619888804853,73.74626536853611,8,Republican
393,3,6.139174796535073,0,3.142790282610804,24.90099836140871,3,Republican
394,1,3.484858325364201,4.495215015710064,4.2395813395269215,23.299957178533077,7,Democrat
395,2,2.6945781899255077,5.497633232477236,4.998012986499816,60.86898297537118,2,Democrat
396,3,3.509723373534235,3.4117199254679695,2.5599102983251214,49.18343166820705,2,Independent
397,1,0.6162860066552808,4.093057468034773,2.730711725540459,55.91466704849154,7,Republican
398,2,3.016711248147204,1.3362838620627377,1.1763226175680757,20.624342779628932,2,Independent
399,3,4.939885061782776,0.582434521579318,5.04586227517575,49.91795263718814,8,Republican
400,1,2.6971502551558317,3.133878129189986,3.4528359533287585,21.676002638414502,8,Democrat
401,2,1.54441034785723,2.2463394953484412,1.76945327129215,44.92573196999729,1,Democrat
402,3,4.510392326579624,7.7393402014715535,2.2097092415206134,29.645920461043715,8,Independent
403,1,9.438313785019972,3.0265962758857827,4.948207235895097,71.65828722994775,7,Independent
404,2,5.2414863571269965,2.3739519370608315,6.643044741358608,26.891146446578205,4,Independent
405,3,0.22709391127812395,4.24884381044853,2.695591861382127,62.70610835403204,8,Democrat
406,1,4.582456404876714,1.949804047978378,2.5669401194900274,50.94994978047907,9,Democrat
407,2,4.34095449649251,0,5.7439421294257045,61.719579878263175,1,Independent
408,3,0,3.933867930076771,5.639407515991479,65.48890506848693,9,Independent
409,1,6.162594912865506,2.155048805238305,4.614161554258317,77.18185795936733,3,Republican
410,2,3.391075024053965,8.238814149438065,6.691865157335997,63.90962305478752,2,Independent
411,3,0,4.524454702649247,3.76274369424209,51.186353019438684,5,Republican
412,1,0.2436843219595406,2.254583224047491,6.159996072296053,37.3243692656979,4,Democrat
413,2,0,4.528822222755079,3.0927710002288222,37.12037492077798,5,Democrat
414,3,7.405766169861098,1.1392037709848335,6.686097397934645,78.49447930697352,6,Independent
415,1,3.978050236346256,2.6106729783603813,1.4914484480395913,37.79925892595202,3,Republican
416,2,5.947138798987935,1.6634511794291629,6.221368920523673,49.47908508591354,6,Independent
417,3,2.160340896988224,0,1.8109875530935824,35.94419732224196,3,Independent
418,1,7.018669386910869,2.591740725984527,6.335857474245131,55.34230306278914,6,Independent
419,2,2.7697039934596597,2.637781959708275,5.794001739937812,58.217938086017966,8,Democrat
420,3,4.039796748656188,2.0526059165279875,6.605726259294897,38.75553937628865,2,Democrat
421,1,3.0622153511241743,1.52614285968428,1.591417744755745,41.01425530388951,2,Independent
422,2,8.523448046378796,2.903481203341628,5.2250785254873335,37.85526983439922,1,Democrat
423,3,0,7.832956459810098,5.803928515873849,68.47539097070694,1,Democrat
424,1,3.9138917522563483,5.834071740138777,5.53797041811049,49.16213543154299,10,Independent
425,2,1.7424615327001263,4.391051880432464,3.6316507174633443,59.32013704907149,2,Independent
426,3,4.800476956252627,0.05029473333759016,4.547286876477301,74.17191190645099,5,Republican
427,1,3.7421245532744094,2.857699455780787,5.549448850564659,47.624953566119075,10,Republican
428,2,0,3.6023707084967462,3.320988873485476,77.04677959438413,9,Democrat
429,3,5.425147429375157,3.4732701441163134,5.125339553691447,67.05216962844133,9,Independent
430,1,2.4865969563130674,0.7027107006100718,1.185637560673058,60.83299982827157,2,Republican
431,2,0.17538583316594947,3.1779899344477025,1.4503654688596725,37.82101334538311,5,Republican
432,3,4.345742566525903,1.465486360042065,1.0844214698299766,34.0705241356045,6,Republican
433,1,0.3294594030024577,1.7022247014469298,4.633547094184905,22.24812336731702,9,Republican
434,2,4.079918707622465,1.357426278105909,1.8058482324704528,33.42990761157125,2,Independent
435,3,11.477948078396974,0.835357641493149,4.40715511655435,23.748557111248374,8,Democrat
436,1,7.750169632914489,0.16673582593510222,5.585577228106558,62.866314267739654,7,Republican
437,2,7.291718769111323,1.9424086984085946,1.275524833239615,49.92374025750905,9,Republican
438,3,5.023896955997553,0,3.479634359013289,42.20837604254484,7,Democrat
439,1,0,3.002930479243378,4.057978801894933,54.9663102068007,10,Republican
440,2,6.087666515279589,0,6.975237699691206,36.10447261016816,7,Independent
441,3,6.068544733229093,3.9063484741079293,6.060297294519842,36.8895437894389,4,Democrat
442,1,7.7009627958975715,1.589766437611909,4.38888626685366,20.60200307983905,6,Independent
443,2,4.151635477412422,0,5.787548899650574,64.43499194458127,4,Independent
444,3,3.521080013358526,4.347915026515498,3.891696476377547,56.351730562746525,4,Independent
445,1,4.559310017200857,0,2.494404963683337,25.08456680458039,6,Republican
446,2,0,4.408431541911374,2.1931514525786042,57.98641750123352,9,Democrat
447,3,0.2522555078598431,0,1.4423000984825194,60.988735617138445,7,Democrat
448,1,2.471180438264337,0.08578242427970717,4.138731739018112,40.34618739038706,8,Democrat
449,2,5.049905469250654,1.7800085430896702,6.992193323094398,68.73231538571417,8,Republican
450,3,5.654863366138356,0.9348159196648738,3.1854094425216317,26.34690487757325,10,Republican
451,1,0.9554422851411343,0.6400255515996947,6.568356669973582,59.67807346954942,2,Independent
452,2,2.8120662657064965,0.9965846843110225,2.8080823132768273,51.14870244637132,7,Democrat
453,3,6.200068725311543,3.5105716407648027,5.671204932034016,77.6022824877873,4,Democrat
454,1,5.065875317080579,0,4.851484165061265,37.96678179409355,7,Independent
455,2,0.4923088947984082,0,4.877145846374333,27.811156949028373,8,Independent
456,3,2.209036013664295,0,4.219601426273584,48.94767808262259,10,Democrat
457,1,5.266103650898844,3.739106139814755,3.7442027302458882,62.1978050051257,10,Democrat
458,2,9.86410716957965,3.9043099884120367,1.62665593624115,78.05843916721642,10,Republican
459,3,1.4200280609126428,4.653477801550533,4.588895023800433,49.72761397715658,3,Republican
460,1,2.32586243264665,2.1421483879230743,2.1090532867237926,71.5299258986488,7,Republican
461,2,6.2168301577809775,1.6728483746914276,5.26155665749684,31.06685031671077,2,Democrat
462,3,1.8781413572151082,0,1.8758778613992035,63.81856715772301,7,Independent
463,1,3.7918222005063233,0,6.250065962783992,59.3828600179404,8,Democrat
464,2,2.975195170961996,2.4533250216565117,1.3680644403211772,78.38287323247641,7,Democrat
465,3,6.533839267234866,4.208836756380286,4.410599402617663,79.0997396223247,2,Independent
466,1,0.3514476360483785,4.109997692083064,3.6719523551873863,43.0648242123425,9,Republican
467,2,7.644745079513961,4.87791582707994,6.503345811739564,68.38350259698927,3,Democrat
468,3,0,3.611663428816881,1.6075129420496523,34.38373867422342,4,Republican
469,1,0.5275396205381532,0.11542027296329654,5.118052016943693,30.018801605328918,4,Republican
470,2,0,6.065552070202648,1.101302386727184,66.20903866831213,2,Republican
471,3,1.1613676174017238,8.031460289327672,5.792129872366786,20.250769932754338,6,Republican
472,1,4.921775656887002,0.14761313634439877,3.839075244497508,74.1833535535261,1,Republican
473,2,3.2565701786772823,5.2403156926554475,1.6104375054128468,74.91608344949782,3,Independent
474,3,0.3636759740614609,0.4741235285326538,1.2653868584893644,63.179147597402334,4,Independent
475,1,0.6488053612478079,0,6.223870380781591,46.637337021529675,5,Republican
476,2,0.5415451468848572,0,4.401272273622453,20.05687389522791,9,Republican
477,3,2.508314384726275,3.26702468751611,2.0309434053488076,58.51509732659906,7,Independent
478,1,3.7538118159392195,0,1.3606377220712602,41.069358326494694,1,Democrat
479,2,7.673003034635968,2.9648589700965897,5.212941264268011,29.272054946050048,4,Democrat
480,3,2.1341113425824894,3.426549514863273,2.5760234650224447,28.078150055371225,7,Democrat
481,1,1.1331898904415034,2.821475517434708,3.4831821979023516,74.27054448518902,7,Democrat
482,2,0,0.4033924206796473,6.65253989957273,66.98523595463485,1,Democrat
483,3,1.1064472784686092,0,5.436250664293766,63.350642998702824,4,Democrat
484,1,2.414118569349218,1.2960510256354487,5.831717916764319,62.036917293444276,3,Democrat
485,2,0,3.9684282731811504,5.009981384500861,73.93491289578378,9,Republican
486,3,0.6814663458262504,3.217518423766763,3.941284800413996,73.52925131563097,5,Democrat
487,1,6.144431109441644,0,6.179704871494323,33.170296950265765,2,Democrat
488,2,1.7175391199384542,2.911572246966198,1.3296965565532446,31.56923281494528,7,Democrat
489,3,2.548326568756118,4.895313281358412,4.341513821855187,79.6313932351768,7,Democrat
490,1,0,4.267265774760633,1.2968677571043372,72.54052707459778,7,Democrat
491,2,5.883652502580712,6.2256333599231e-4,4.5781770828180015,79.24380162730813,5,Democrat
492,3,2.0015888705905076,3.5143831237325833,3.153268027585,51.002137870527804,7,Independent
493,1,0.7506698384216164,4.957523719358802,3.009694561827928,66.00316173397005,10,Democrat
494,2,2.7641232812123264,0,3.0100109758786857,23.689483553171158,8,Republican
495,3,3.564758869456336,0.35145422832787365,4.4109545215032995,40.854674275033176,3,Independent
496,1,3.9196255124221002,3.7917889754682172,1.392209768295288,67.24596756976098,3,Republican
497,2,0,2.5893299522405537,2.841016200836748,66.04458576999605,8,Independent
498,3,0,2.570387049886063,6.394584272988141,32.1626851381734,6,Republican
499,1,3.5237907979128678,2.898188977578153,4.524320062249899,64.55988364294171,5,Democrat
500,2,2.012316909947255,0,5.644236484076828,39.61794897913933,2,Independent
